C0001,秸秆粉碎机,191
C0001,卡通动漫,169
C0001 ,影视娱乐,299
C0001 ,足疗洗浴,254
C0002,家居装潢,288
C0002,影视娱乐,111
C0002,横店,73
C0002,卡通动漫,58
C0003,影视娱乐,112
C0003,游戏,68
C0003,医疗健康,45
C0004,宴会,25
C0004,同济大学第一附属中学,11
C0004,复旦实验中学,11
C0005,音乐,20
C0005,名人,20
C0005,服装,13
C0005,革命烈士,12
C0008,舞蹈,51
C0008,壁纸,38
C0008,娱乐新闻,24
C0008,旅游,23
C0009,短发新娘造型图,52
C0009,冒菜店,29
C0009,刘涛,27
C0010,血液透析原理,42777
C0010,道路交通,147
C0010,影视娱乐,88
C0010,血液透析机,60
C0010,罗斯福公馆,46
C0013,影视娱乐,121
C0013,盘古,101
C0013,蓝宝石晶体镜面,49
C0013,智跑,36
C0014,饮食,195
C0014,馒头鲍,91
C0014,金杯阁瑞斯7座,75
C0014,商务车,60
C0014,商务车大全,60
C0014,光之美少女smile,55
C0014,衣橱装修效果图,34
C0017,影视娱乐,120
C0017,陆地巡洋舰,79
C0017,房地产,53
C0017,新昌城,43
C0018,宠物,96
C0018,哈士奇,39
C0018,学校,36
C0019,影视娱乐,579
C0019,加油站,88
C0019,家居装潢,58
C0019,奔驰,46
C0020,购物,240
C0020,家居装潢,131
C0020,茶艺,45
C0021,母婴亲子,33
C0021,英菲尼迪,24
C0021,牵引车,23
C0021,超市,17
C0022,机械设备,74
C0022,电火花穿孔机机械结构图,74
C0022,韵达快递,65
C0022,便利店,37
C0022,特供香烟,37
C0022,肝掌图片,23
C0024,宠物,211
C0024,宝骏730,63
C0024,影视娱乐,46
C0024,雨刷,36
C0025,影视娱乐,246
C0025,八卦娱乐,115
C0025,文章,73
C0025,朱音唯,42
C0025,书签,26
C0026,新闻,80
C0026,美发,34
C0026,汽车,13
C0026,微信,11
C0028,古董,136
C0028,浮雕,72
C0028,刀挂件,65
C0028,八卦娱乐,44
C0029,瑜伽,73
C0029,蛋糕店,45
C0029,道路交通,40
C0030,大宝法王,106
C0030,枊岩,90
C0030,精神病证,61
C0030,园林,41
C0030,影视娱乐,39
C0030,地铁上海图,26
C0030,海通证券,21
C0031,园林,82
C0031,针灸,80
C0031,食管炎,71
C0032,娱乐资讯,110
C0032,美食,34
C0032,上海自然博物馆,24
C0032,药店,15
C0033,美发,35
C0033,书法,26
C0033,上海游乐场,16
C0035,理发店,60
C0035,空客320,42
C0035,玉雕作品,40
C0035,影视娱乐,38
C0036,购物,50
C0036,影视娱乐,50
C0036,理发店,44
C0037,东台西溪景区,394
C0037,大猩猩,99
C0037,樟木头观音山,76
C0037,道路交通,43
C0038,理发店,129
C0038,家居装潢,94
C0038,众泰t600,54
C0038,饮食,52
C0038,华泰证券,50
C0038,电影院,49
C0038,手机数码,48
C0039,影视娱乐,174
C0039,道路交通,96
C0039,上海招商局,96
C0039,疾病,66
C0039,那珂,63
C0040,影视娱乐,591
C0040,八卦娱乐,410
C0040,手机数码,60
C0040,名画,58
C0040,幼儿园,55
C0041,影视娱乐,534
C0041,赫斯缇雅,103
C0041,奔驰e级,56
C0041,百褶裙,48
C0045,于英生,70
C0045,出狱,57
C0045,创业板挂牌,50
C0045,影视娱乐,43
C0046,地铁站,109
C0046,家电,45
C0046,影视娱乐,42
C0048,影视娱乐,225
C0048,越南新娘,225
C0048,理发店,44
C0048,短发,44
C0048,艾薇儿,41
C0048,美容,33
C0050,鱼,142
C0050,大鱼图片,142
C0050,美食,39
C0050,美食,39
C0050,昆明公交车劫持案,31
C0051,影视娱乐,136
C0051,手机数码,116
C0051,体育健身,41
C0052,昆虫,98
C0052,兔子,70
C0052,桑塔纳,61
C0052,安全带,58
C0053,天空之城MTV,87
C0053,MU天空之城MTV,50
C0053,天使之剑,38
C0053,奇迹mu大天使之剑,38
C0053,山西悬空村,35
C0053,MU战士,23
C0053,股市,22
C0054,新闻,33
C0054,家居装潢,27
C0054,医疗健康,15
C0055,十字星,176
C0055,购物,74
C0055,喜糖,50
C0056,蛋糕店,53
C0056,纹身,43
C0056,公园,41
C0056,手机数码,41
C0057,卡通动漫,61
C0057,道路交通,54
C0057,家居装潢,53
C0058,影视娱乐,107
C0058,八卦娱乐,62
C0058,李弘基,61
C0058,汤唯,58
C0058,蝶祈,35
C0058,中华神皂,32
C0058,宾馆,29
C0059,绘画,173
C0059,逢坂大河,85
C0059,航空公司,47
C0059,双控开关,43
C0059,水乡,36
C0060,动物,24
C0060,小吃,16
C0060,疾病,13
C0062,银行,371
C0062,奔驰,69
C0062,牛仔裤,68
C0062,百褶裙,46
C0063,欧式眼妆画法,79
C0063,韩雪,72
C0063,萝莉触手,62
C0063,范爷,57
C0063,土豆优酷,56
C0064,八卦娱乐,560
C0064,葫芦娃,244
C0064,机器人,98
C0064,影视娱乐,47
C0065,变形金刚探长,133
C0065,网纹孤挺花,70
C0065,杨幂,52
C0065,angelababy,38
C0066,卡通动漫,332
C0066,手机数码,188
C0066,影视娱乐,158
C0066,银行,149
C0066,荡秋千,37
C0067,美甲,98
C0067,蝙蝠图腾纹身,46
C0067,百度,29
C0067,1933老场坊,28
C0067,李晨,25
C0067,美杜莎纹身,25
C0067,三国杀马谡,19
C0068,纹身图案,129
C0068,国画日出,105
C0068,陈乔恩,64
C0068,cf兰,55
C0068,满天星,42
C0069,品牌商标,54
C0069,搜狐图库,42
C0069,搜狐图库,42
C0069,牧马人越野车,35
C0069,qq星,35
C0069,南汇酒吧,28
C0070,骨折,51
C0070,股骨骨折,51
C0070,神武天皇,44
C0070,神武天皇,44
C0070,动漫,32
C0070,上海120急救车,27
C0070,真田信之,24
C0071,关之琳,48
C0071,大宋的智慧,23
C0071,爱上海,22
C0072,购物,189
C0072,威驰遥控器,66
C0072,艾滋病,41
C0072,道路交通,41
C0072,宾馆酒店,36
C0073,八哥,80
C0073,别墅,42
C0073,电视机矮柜,35
C0074,创意手提袋,65
C0074,宠物,40
C0074,家居装潢,40
C0075,卡梅尔小镇楼盘,135
C0075,短发型,66
C0075,小黄人,50
C0075,我唾弃你的坟墓,47
C0076,艾滋病皮疹,35
C0076,海口舰,25
C0079,大白,67
C0079,大白图片,67
C0079,楠溪江,49
C0079,楠溪江,49
C0079,动漫,47
C0080,独生子女,151
C0080,美发,20
C0080,学校,13
C0080,健身,11
C0082,付佳美,203
C0082,影视娱乐,170
C0082,飞机场,106
C0082,飞机场,106
C0082,微信,96
C0082,金正恩,60
C0082,客厅装修效果图,27
C0084,芭蕾,423
C0084,美容护肤,191
C0084,中海地产,99
C0086,购物,315
C0086,圣骊澳门苑,103
C0086,泰欣嘉园,38
C0087,理发店,154
C0087,流行短发,114
C0087,商品陈列,100
C0087,超市,92
C0087,超市,92
C0087,别克威朗,55
C0087,仓山科技园,53
C0088,漫画,98
C0088,酒店式公寓,31
C0088,裴秀智,30
C0088,崇明森林公园,30
C0088,手相,23
C0090,哥斯拉,113
C0090,哥斯拉,113
C0090,伸缩门,54
C0090,伸缩门电机,54
C0090,猩猩,24
C0091,快船先发五虎,95
C0091,八卦娱乐,53
C0091,福特探险者改装,50
C0091,木府风云,42
C0092,向日葵,105
C0092,婚纱摄影,102
C0092,祖母绿翡翠挂件,45
C0092,音乐海报,42
C0093,浮世绘,114
C0093,浦江颐城,46
C0094,理发店,177
C0094,火影忍者,176
C0094,购物,42
C0095,贵阳,32
C0095,影视娱乐,28
C0095,安以轩,16
C0095,余额宝,10
C0098,钱江150-18f,83
C0098,火锅店,68
C0098,火锅,68
C0098,绿水鬼图片,51
C0098,董璇,49
C0098,宝马,39
C0098,宝马220i敞篷,39
C0098,股权交易所,30
C0099,比亚迪,65
C0099,餐厅,39
C0099,迪士尼乐园,24
C0099,红纹石,22
C0099,苏宁电器,16
C0099,餐厅,13
C0100,三星s6,133
C0100,潜龙谍影,63
C0100,美酒雪茄,43
C0100,dnf魔神,38
C0101,电影院,112
C0101,影视娱乐,108
C0101,奔驰,74
C0101,鲜花店,45
C0101,餐厅,38
C0102,家居装潢,76
C0102,欢乐谷,56
C0102,购物,49
C0103,美甲款式,109
C0103,董其昌,46
C0103,彩铅画风景入门,39
C0103,朱令,38
C0103,微星tgc,32
C0104,手绘插画,82
C0104,宠物,61
C0104,同济大学,47
C0105,医疗健康,24
C0105,足球,22
C0105,美容护肤,20
C0105,素描,16
C0106,装饰柜,51
C0106,2015款翼虎,36
C0106,朗香教堂,33
C0106,男童发型,32
C0107,影视娱乐,63
C0107,胡军,61
C0107,卡地亚,52
C0107,卡地亚经典款戒指,52
C0107,采韵合唱团,34
C0107,美食,33
C0107,太空泥作品,27
C0107,威龙跑车,23
C0108,卷发,93
C0108,新娘发型图片,67
C0108,乐高,22
C0109,蒋雯丽,43
C0109,上海夜总会,38
C0109,大排档,32
C0109,蒙奇奇,31
C0110,博丽灵梦,221
C0110,加油站,39
C0110,阿狸剪纸图,35
C0110,景点,30
C0111,马尔蒂尼,18
C0111,君怡公寓,18
C0111,瑜伽,18
C0111,医疗健康,11
C0113,建行,27
C0113,索尼,16
C0113,上海城隍庙,14
C0113,美容护肤,10
C0114,山庄别墅,234
C0114,艺考,73
C0114,公园,38
C0115,地球,61
C0115,costa,58
C0115,插画,56
C0115,年年插画,56
C0115,3毫米圆寸,40
C0115,宝马M5,39
C0115,宝马M5,39
C0115,大洪古道,29
C0116,努比亚,240
C0116,龙虾,118
C0116,美发,67
C0116,八卦娱乐,39
C0116,汽车,37
C0117,理发店,944
C0117,卷发发型,903
C0117,刘德华,69
C0117,杜江,49
C0117,西瓜太郎,44
C0117,短发发型,41
C0117,地铁站,40
C0118,八卦娱乐,124
C0118,皇玺酒家,48
C0118,航母,40
C0119,大白,44
C0119,大白,44
C0119,瑜伽,39
C0119,瑜伽,39
C0119,国外油画,28
C0119,长白山,24
C0119,彼岸花,23
C0120,双节棍,82
C0120,甜点,72
C0120,悍马,65
C0120,私人飞机,58
C0121,李晨范冰冰,137
C0121,张馨予,76
C0121,乌鸦精,70
C0121,漫画,47
C0121,小米note,38
C0123,吴冠中,62
C0123,吴冠中画作,62
C0123,三星s6,42
C0123,三星s6金色,42
C0123,灰姑娘2015电影剧照,31
C0123,周小帅私房菜,24
C0123,三星s6金色,21
C0124,创意产品,51
C0124,人头结构图,42
C0124,小米4充电器,32
C0124,来伊份,32
C0124,胡启立与陈云,32
C0124,室内平面图,31
C0124,高迪建筑,29
C0125,黄晓明angelababy,582
C0125,卡通动漫,100
C0125,马,72
C0125,马,72
C0125,大力士卡通,56
C0125,复兴路思南路,25
C0128,阿娇,84
C0128,众泰t600s,38
C0128,绿源电动车,33
C0132,购物,173
C0132,装修设计,114
C0132,丫蛋,81
C0132,丫蛋,81
C0132,花臂女神,54
C0132,永新广场,27
C0132,儿童画劳动节,26
C0135,青海黄糖玉,145
C0135,蛇,109
C0135,地中海风格装修,69
C0135,学校,50
C0136,道路交通,139
C0136,五十路,139
C0136,96版一吻定情,59
C0136,家居装潢,51
C0136,吊顶装修效果图,51
C0136,家居彩装膜,29
C0137,购物,236
C0137,影视娱乐,89
C0137,脊椎侧弯,73
C0137,红场阅兵导弹着火,64
C0142,漳州,86
C0142,影视娱乐,56
C0142,超级密集恐惧症,41
C0143,影视娱乐,66
C0143,幼儿园,64
C0143,分娩,37
C0143,购物,37
C0144,手机数码,183
C0144,家居装潢,95
C0144,餐厅,86
C0144,宠物,55
C0144,儿童画,51
C0144,影视娱乐,37
C0145,影视娱乐,127
C0145,尖锐湿疣,122
C0145,家居装潢,101
C0145,军用飞刀,92
C0146,定位钻头,71
C0146,九星市场,46
C0146,中铁十二局,45
C0147,礼品券,103
C0147,莱州中华武校,87
C0147,美食,66
C0147,道路交通,43
C0147,上海港区,42
C0148,影视娱乐,259
C0148,李钟硕,259
C0148,刘景紫砂,70
C0148,理发店,37
C0148,比亚迪s6,33
C0148,自制投影仪幕布,26
C0149,卡通动漫,131
C0149,萨摩耶拉雪橇,113
C0149,萨摩耶拉雪橇,113
C0149,蝙蝠车漫画,81
C0149,挖掘机漫画,24
C0149,郎静山摄影,23
C0151,本田缤智,196
C0151,雪铁龙c3-xr,149
C0151,手绘鹿目圆,83
C0151,和平使命军演,66
C0151,特种兵,60
C0152,清仓广告语,101
C0152,无锡房交会,87
C0152,道路交通,78
C0153,茶车,80
C0153,茶车,80
C0153,班鸠图片,79
C0153,彭于晏,43
C0153,彭于晏,43
C0153,任雨晴,31
C0153,闵行实验小学春城校区,26
C0154,黑影家族,161
C0154,藏毛窦,79
C0154,银行,47
C0154,时尚潮流,37
C0154,宠物,36
C0155,医疗健康,153
C0155,家居装潢,81
C0155,美甲,53
C0155,油画,41
C0155,中国电信营业厅,37
C0156,影视娱乐,172
C0156,消防员,115
C0156,园林,53
C0156,炉石传说,46
C0156,黄鹤森书法,36
C0159,影视娱乐,174
C0159,家居装潢,111
C0159,银行,110
C0159,帕萨特,49
C0160,网吧,176
C0160,袁姗姗,73
C0160,延安住宿,54
C0161,快餐,137
C0161,荣威550,52
C0161,影视娱乐,41
C0161,购物,37
C0163,美甲,127
C0163,卡通动漫,78
C0163,菲亚特500,48
C0163,国画,40
C0164,苏州摩天轮公园,34
C0164,体育健身,34
C0164,兰花,13
C0164,祖母绿钻戒,12
C0165,仁贤镇,210
C0165,绫濑本子,110
C0165,道路交通,87
C0165,肝胆经,45
C0166,影视娱乐,175
C0166,藤壶,56
C0166,厕所,39
C0166,个签,37
C0168,乔任梁,67
C0168,华为p8图片,33
C0169,动物简笔画大全,73
C0169,秦汉,31
C0169,广场舞,28
C0170,唱歌,78
C0170,快捷酒店,29
C0170,格子衬衫,15
C0170,宝马525,14
C0170,火车票代售点,13
C0170,餐馆,11
C0170,超市,10
C0172,室内游泳池,306
C0172,自体脂肪,219
C0172,马苏,104
C0174,90后,51
C0174,马家浜文化,27
C0174,宫廷,22
C0174,郑爽,17
C0174,保罗沃克,14
C0174,科苑大楼,8
C0177,影视娱乐,152
C0177,旗袍秀,138
C0177,公园,64
C0177,旗袍明星,60
C0177,古筝服装,57
C0179,卡通动漫,54
C0179,暴走漫画,54
C0179,六一儿童节手抄报,50
C0179,健身,40
C0179,健身,40
C0179,卡戴珊,28
C0179,乐事薯片,27
C0179,暴走漫画,27
C0179,拉伸运动图解,27
C0180,影视娱乐,298
C0180,理发店,123
C0180,招商证券,61
C0180,农家乐,53
C0182,游戏,131
C0182,理发店,89
C0182,影视娱乐,73
C0183,东方艺术中心,21
C0183,小吃,20
C0183,公交站,17
C0183,上海科技馆,14
C0183,家居装潢,14
C0184,美甲,73
C0184,宠物,43
C0184,银行,42
C0184,餐厅,39
C0184,购物,37
C0185,购物,173
C0185,奥特曼面具,166
C0185,怪物面具,155
C0185,蛋糕店,94
C0202,农业银行,33
C0202,钢琴,33
C0202,樱花,20
C0203,理发店,215
C0203,婚纱摄影,66
C0203,努比亚z9mini,50
C0203,手机数码,40
C0205,静脉曲张,63
C0205,丰田5700,35
C0205,暴鲤龙,22
C0205,卷发发型,22
C0205,行车记录仪,22
C0207,卡通动漫,102
C0207,血檀,82
C0207,鲜花店,70
C0207,影视娱乐,61
C0207,理发店,43
C0209,影视娱乐,91
C0209,理发店,50
C0209,新世界百货,50
C0210,美甲,118
C0210,复仇者联盟,89
C0210,宠物,41
C0210,理发店,38
C0210,胎教,37
C0212,林青霞,62
C0212,健身,48
C0212,倪睿思,21
C0215,服饰,59
C0215,太阳花,22
C0216,柳岩,130
C0216,鸭子,47
C0216,邓紫棋,42
C0216,景点,38
C0216,景点,38
C0216,老虎图片,33
C0217,宠物,159
C0217,进口福克斯ST改装,65
C0217,澳酷服饰,62
C0217,家居装潢,57
C0217,牛丼饭,54
C0218,家居装潢,81
C0218,蛇莓,77
C0218,宠物,41
C0220,宝马,75
C0220,宝马5系,75
C0220,装修流程,44
C0220,装修流程,44
C0220,李丽珍,22
C0221,八卦娱乐,116
C0221,理发店,65
C0221,盘发发型,65
C0221,金秀贤,42
C0221,高世元金芝荷,40
C0221,金刚菩提子,30
C0222,杨颖,107
C0222,甜馨,76
C0222,街拍牛仔裤,29
C0222,多肉植物图鉴,25
C0222,小户型客厅,23
C0223,家居装潢,131
C0223,影视娱乐,111
C0223,八卦娱乐,98
C0224,购物,59
C0224,顶球机,58
C0224,宠物,46
C0224,影视娱乐,38
C0225,上海金山,112
C0225,八卦娱乐,85
C0225,手机数码,61
C0225,粘土相框,36
C0226,释明心法师,48
C0226,理发店,45
C0226,饮食,41
C0226,冰雹,36
C0227,影视娱乐,717
C0227,八舞夕弦本子,703
C0227,卡通动漫,518
C0231,家居装潢,226
C0231,芜湖世茂滨江花园二期,150
C0231,复仇者联盟2幻视,69
C0231,母婴亲子,66
C0231,宾馆酒店,50
C0231,巴杰斯,46
C0232,宠物,130
C0232,休闲服装,98
C0232,西班牙斗牛惨剧,60
C0232,影视娱乐,36
C0233,动漫,90
C0233,雪花片,51
C0233,上海福寿园,27
C0233,星尚主持人杨乐,25
C0233,元素周期表,24
C0243,南沙群岛地图,73
C0243,纪小纪,26
C0243,赵茜,21
C0245,手工,89
C0245,宠物,71
C0245,法国时装秀,61
C0245,游泳池,55
C0245,丰田卡罗拉,36
C0246,地铁站,106
C0246,道路交通,103
C0246,金刚网纱窗,53
C0246,新股申购流程,39
C0247,服饰,57
C0247,大白,51
C0247,卡通动漫,42
C0247,影视娱乐,36
C0248,李治廷,110
C0248,野心,45
C0248,伽柏,22
C0249,珠串纸巾盒,103
C0249,保时捷四门,80
C0249,红翼,52
C0249,影视娱乐,52
C0249,捷安特电动车,51
C0252,八卦娱乐,88
C0252,家居装潢,82
C0252,影视娱乐,57
C0253,理发店,114
C0253,松江顺丰,107
C0253,家居装潢,83
C0253,道路交通,39
C0253,宠物,36
C0267,北京爱情故事杨幂,69
C0267,哈士奇图片,66
C0267,恐怖高跟鞋,26
C0267,盆栽的种类,22
C0269,柯震东,404
C0269,凤眼菩提,23
C0269,莲花菩提子,22
C0269,仓鼠图片,21
C0270,理发店,247
C0270,短子弹头发型,247
C0270,浪琴博雅,36
C0270,浪琴博雅,36
C0270,姬玉露,27
C0270,户撒刀价格,25
C0271,中国移动,324
C0271,崇明景点,136
C0271,影视娱乐,97
C0271,婚纱摄影,46
C0271,家居装潢,39
C0272,天猫商城女装,51
C0272,新款夏季女装,30
C0272,松绿色RA,23
C0273,鱼,66
C0273,宠物,64
C0273,饮食,62
C0273,八卦娱乐,45
C0274,马家浜文化,27
C0274,宫廷,22
C0274,同济大学,11
C0274,购物,11
C0275,宠物,15
C0275,尼姑,15
C0275,创业,14
C0275,手相,14
C0275,黄龙600,9
C0275,购物,8
C0275,美食,8
C0275,发型,6
C0276,影视娱乐,85
C0276,世界地图,41
C0276,世界地图,41
C0277,养花大棚,187
C0277,家电,146
C0277,八卦娱乐,109
C0277,玖帛服饰,98
C0277,医疗健康,51
C0277,影视娱乐,39
C0278,宝宝画画,123
C0278,动漫卡通,59
C0278,坚强,38
C0278,上海,15
C0278,西瓜,12
C0278,双溪漂流,11
C0278,超级跑车,9
C0278,红烧鸡爪,9
C0278,公交车站,6
C0279,影视娱乐,293
C0279,八卦娱乐,126
C0279,美甲,99
C0279,家居装潢,73
C0279,宾馆酒店,56
C0279,宠物,40
C0279,饮食,38
C0280,蛋糕店,80
C0280,羽毛球反手,60
C0280,影视娱乐,48
C0280,卡通动漫,41
C0280,素描,36
C0281,影视娱乐,82
C0281,艾滋病,65
C0281,虎扑,48
C0281,银行,37
C0284,奔驰,27
C0284,医疗健康,22
C0284,黄酒,21
C0286,梦幻西游第一大唐,50
C0286,画漫画人物的步骤图,42
C0286,迪比特手机,26
C0287,水果,17
C0287,小吃,16
C0287,医疗健康,13
C0287,房屋中介,13
C0287,快递,10
C0288,老山战役,76
C0288,延寿看守所,48
C0288,丁蟹,42
C0288,国产狙击枪,35
C0288,男童发型,28
C0288,ktv,14
C0288,长滩岛,12
C0288,高级会所,11
C0292,大妈水饺,138
C0292,足疗洗浴,83
C0292,家居装潢,59
C0292,八卦娱乐,39
C0294,购物,237
C0294,洞洞鞋,237
C0294,小儿毛衣图片,226
C0294,道路交通,88
C0294,乔治·亚历山大·路易斯,88
C0294,婴儿连体毛衣图,72
C0294,暴龙太阳镜,27
C0294,招商银行,21
C0296,家居装潢,172
C0296,沈华棣,49
C0296,倪妮,38
C0305,耶稣,103
C0305,江青,73
C0305,蒋介石,72
C0306,影视娱乐,147
C0306,卡通动漫,114
C0306,自行车,61
C0306,中信泰富广场,49
C0306,八卦娱乐,37
C0306,理发店,36
C0308,家居装潢,157
C0308,影视娱乐,79
C0308,超市,61
C0310,涤纶地毯,184
C0310,福利漫,81
C0310,学校,44
C0311,汪可盈,87
C0311,汪可盈,87
C0311,影视娱乐,67
C0311,张悠雨,29
C0311,猴面包树果实,22
C0319,手机数码,106
C0319,理发店,101
C0319,手工,38
C0320,银行,419
C0320,影视娱乐,105
C0320,迪士尼乐园,92
C0320,汽车维修点,56
C0321,印度高温,80
C0321,k线图基础知识,69
C0322,刮痧,6952
C0322,家居装潢,57
C0322,汽车,40
C0322,理发店,39
C0323,绿地东岸涟城图纸,78
C0323,保集澜湾,68
C0323,唐镇规划图,54
C0323,斯图加特,27
C0323,休闲区,23
C0323,启东恒大海上威尼斯,22
C0325,电影院,115
C0325,购物,52
C0325,圣湖度假村,51
C0326,钩针樱桃图解,68
C0326,仙人指路,32
C0326,儿童床图片,28
C0326,小户型简约装修,22
C0326,儿童福利院,21
C0327,家居装潢,40
C0327,影视娱乐,36
C0328,日本,59
C0328,老凤祥,16
C0328,动物,11
C0328,非洲,11
C0329,手机数码,43
C0329,钢铁侠,43
C0329,吕燕,38
C0329,吕燕,38
C0329,百白何,24
C0329,二七广场,10
C0329,烟,9
C0330,多梦,108
C0330,中式装修,50
C0330,水冰月,42
C0330,理发店,36
C0331,上海市,19
C0331,卡斯特罗,14
C0331,医院,7
C0331,新闸路-地铁站,5
C0332,搅拌车,184
C0332,宠物,15
C0332,饰品店,13
C0332,海南,12
C0333,挖土机,84
C0333,珍妮巴斯,13
C0333,海螺,10
C0334,龚彦,70
C0334,龚彦,70
C0334,强力排风机,41
C0334,强力排风机,41
C0334,吸顶风机,18
C0334,金山沙滩,9
C0335,蛋糕店,57
C0335,灰姑娘海报,32
C0335,猫咪图片,29
C0335,七星砍刀,24
C0335,闵浦二桥,21
C0336,中餐馆,24
C0336,上海市,17
C0336,知音琴行,6
C0336,家有好面,5
C0336,虹桥火车站-地铁站,5
C0336,安远路55,5
C0337,蛋糕店,134
C0337,八卦娱乐,54
C0337,单仰萍,43
C0338,抚琴,69
C0338,古琴,44
C0338,上海体育,20
C0338,甜馨,19
C0339,车祸,44
C0339,六小龄童,28
C0339,东风suv,23
C0339,艾滋病,10
C0340,嬴政,60
C0340,教授于丹,10
C0340,qq,10
C0341,金刚杵纹身,121
C0341,吉祥航空,22
C0341,文殊菩萨,21
C0341,平面设计,20
C0341,酒店,19
C0341,赛格市场,18
C0341,圣莱特农庄,18
C0341,静安寺,17
C0342,别克昂科威,42
C0342,叶简明,42
C0342,别克昂科威,42
C0342,捷运大厦,14
C0342,上海地图,11
C0343,中星馨恒苑,37
C0343,欧美金发,20
C0343,眼镜海报,8
C0343,文字纹身,7
C0344,上海市田子坊,111
C0344,震旦博物馆,27
C0344,陆家嘴,17
C0345,柴烧茶杯,27
C0345,美发,27
C0345,美发,17
C0346,飞机,111
C0346,衡阳华新酒楼,52
C0346,抽象派,35
C0346,杜兹肺鱼,30
C0346,影魔,22
C0346,果木烤鸭,15
C0347,池贤宇,89
C0347,池贤宇,89
C0347,浦东机场,48
C0347,上海浦东机场,48
C0347,兰花草吉他谱,13
C0347,日式庭院,11
C0347,君威2015款2.0,10
C0348,李洪志,50
C0348,猫和老鼠,24
C0348,少年四大名捕,19
C0348,南红玛瑙,11
C0349,陈明真,56
C0349,美作,34
C0349,虹口龙之梦,25
C0349,上海,24
C0349,油画,15
C0356,婚礼,47
C0356,旗袍秀,46
C0357,卡通动漫,177
C0357,影视娱乐,50
C0357,手机数码,44
C0357,吉萨,43
C0358,卡通动漫,77
C0358,芭克,73
C0358,手绘门票,40
C0359,复仇者联盟队长,58
C0359,克里斯·埃文斯,49
C0359,八卦娱乐,47
C0359,影视娱乐,43
C0361,理发店,44
C0361,影视娱乐,36
C0362,日式窗格,64
C0362,阳台移门,48
C0362,八卦娱乐,41
C0365,李嘉欣,57
C0365,朱茵老公,32
C0365,杨幂,26
C0365,飞行员牺牲,23
C0367,影视娱乐,84
C0367,上海美术馆,72
C0368,泗溪,114
C0368,银时温暖,63
C0368,海尔统帅,48
C0368,理发店,41
C0370,影视娱乐,396
C0370,健身体育,101
C0370,招财鼻型,89
C0370,家居装潢,58
C0370,八卦娱乐,57
C0370,特种车,55
C0371,浦东太平洋保险公司,85
C0371,黄晓明angelababy,43
C0371,演员李静莉,23
C0372,购物,71
C0372,父亲节,61
C0372,宾馆酒店,46
C0373,乐基儿,117
C0373,购物,65
C0373,道路交通,57
C0373,昆凌,46
C0373,莉莲蛋挞店,39
C0374,卡车,59
C0374,唐嫣霍建华,54
C0377,k线图基础知识,158
C0377,上海东方航空,88
C0377,麻生希,48
C0377,豹子纹身,38
C0377,中式早餐,24
C0379,重庆小面,154
C0379,水果店,124
C0379,咖啡厅,63
C0379,泰晤士小镇,45
C0379,别克威朗,36
C0404,学校,89
C0404,汽车,48
C0405,乾陵,31
C0405,崇明岛,21
C0405,11号线线路图,10
C0407,仁恒滨江园二期,80
C0407,水冷踏板摩托车,60
C0407,仁恒滨江园装修,51
C0407,瑞纳发动机护板,43
C0408,影视娱乐,65
C0408,手工,45
C0412,影视娱乐,126
C0412,动物,38
C0414,理发店,121
C0414,影视娱乐,99
C0415,手机数码,185
C0415,理发店,60
C0415,青岛绿化白皮松,48
C0415,百度影音,47
C0415,道路交通,46
C0417,美妆,15
C0417,动力滑翔伞,12
C0417,汉庭茂名路,11
C0420,家居装潢,93
C0420,婚纱摄影,55
C0420,足疗洗浴,42
C0421,钢木楼梯,45
C0421,旅游,44
C0421,科鲁兹改装,36
C0422,牙结石,63
C0422,八卦娱乐,45
C0422,斯坦尼亚卡车,39
C0422,宠物,38
C0424,农行,138
C0424,风暴英雄,90
C0424,家居装潢,70
C0426,时尚潮流,69
C0426,毛里求斯,65
C0426,卡西欧专卖店,20
C0426,洋房火锅,18
C0428,雪中梅,149
C0428,黑茶园,125
C0428,银行,83
C0429,彩铅画,192
C0429,卡通动漫,49
C0429,影视娱乐,39
C0430,汪诗诗写真,102
C0430,出水芙蓉,61
C0430,快餐,48
C0432,毛新宇书法作品,436
C0432,宾馆酒店,65
C0432,旭辉城二期,63
C0432,超能查派,56
C0432,八卦娱乐,51
C0432,木村拓哉,41
C0432,影视娱乐,38
C0433,任重,77
C0433,横梁装饰贴画,41
C0435,99式步枪,37
C0435,如家快捷,36
C0435,m1式加兰德步枪,27
C0435,勃朗宁重机枪,23
C0435,重机枪,22
C0436,八卦娱乐,225
C0436,龚玥菲,104
C0436,菊科,92
C0436,医疗健康,69
C0436,蓬蒿菊,54
C0436,日向雏田,40
C0440,家居装潢,156
C0440,影视娱乐,49
C0440,理发店,47
C0441,复仇者联盟,128
C0441,影视娱乐,95
C0441,德邦物流,74
C0441,绿野仙踪,46
C0441,时尚潮流,45
C0444,深海异种,148
C0444,陆军,73
C0444,矿物结晶,55
C0444,陆军,45
C0445,蔷薇花,13
C0445,医院,8
C0445,肋骨骨折,5
C0445,奉贤钓鱼,4
C0445,庭院设计,3
C0448,游戏,33
C0448,美食,33
C0448,天山西路4158号,15
C0448,强生出租车,12
C0449,宠物,59
C0449,家居装潢,49
C0451,百日草,92
C0451,影视娱乐,37
C0452,捷安特,57
C0452,园林,49
C0453,宾馆酒店,68
C0453,理发店,50
C0457,龙舌兰,183
C0457,东方明珠电视塔,27
C0457,水晶蓝美瞳,24
C0458,赘婿,141
C0458,宠物,105
C0458,佟丽娅,56
C0458,榻榻米装修,42
C0458,自动变速箱,41
C0459,影视娱乐,88
C0459,早安正能量,82
C0459,鲜花店,71
C0459,小吃,52
C0459,汤加丽,36
C0460,影视娱乐,77
C0460,温州阿琳,39
C0461,手机数码,114
C0461,影视娱乐,50
C0461,上海东方明珠,48
C0462,家电,113
C0462,汽车,102
C0462,迈克杰克逊,60
C0462,理发店,55
C0462,求婚浪漫场景,37
C0463,影视娱乐,54
C0463,家居装潢,40
C0465,奔驰b200,110
C0465,车祸尸体,65
C0466,99坦克,44
C0466,健身,40
C0466,卖场陈列设计,35
C0466,鲤鱼纹身,34
C0466,建筑手绘效果图片,30
C0469,咖啡,29
C0469,美食,25
C0469,翡翠,14
C0469,租车,12
C0470,影视娱乐,108
C0470,餐厅,79
C0470,婚纱摄影,68
C0470,宠物,54
C0471,家居装潢,197
C0471,马佳佳,75
C0471,美甲,39
C0473,渡边美优纪,81
C0473,黄秉洲照片,68
C0473,郭美美,48
C0473,c180l运动型,47
C0473,客厅墙纸装修效果图,29
C0473,徐州万科城,28
C0473,美食,24
C0481,家居装潢,135
C0481,影视娱乐,40
C0481,八卦娱乐,36
C0485,胡静,41
C0485,吴彦祖,20
C0485,乌兰图雅,16
C0485,李多海,12
C0485,鞭炮专卖店,9
C0485,雷凌内饰,8
C0485,美发,7
C0486,理发店,160
C0486,美体,102
C0486,打针群,42
C0486,影视娱乐,37
C0491,美甲,182
C0491,家居装潢,111
C0491,影视娱乐,67
C0492,生命之源核雕,143
C0492,八卦娱乐,67
C0492,美甲,63
C0492,影视娱乐,55
C0492,购物,54
C0492,银行,45
C0500,影视娱乐,51
C0500,吉利博瑞,40
C0521,过山车,208
C0521,卡通动漫,178
C0521,机器人,123
C0521,公交站,55
C0521,手机数码,41
C0521,瑜伽,39
C0523,奥仲麻琴,148
C0523,南京梅花节,35
C0523,溜冰鞋,28
C0525,比比琼斯作品封面,94
C0525,宠物,82
C0525,影视娱乐,80
C0526,安菲尔德球场,64
C0526,怡东花园,28
C0526,快捷酒店,18
C0526,家居装潢,12
C0528,韩式发夹,75
C0528,吴京受伤,68
C0528,健身,39
C0528,杜高犬,34
C0528,一路向西,23
C0530,婚纱摄影,118
C0530,便利店,94
C0534,家居装潢,108
C0534,影视娱乐,51
C0534,水果店,39
C0536,医疗健康,172
C0536,东京食尸鬼,40
C0537,灵石公园,44
C0537,公交站,14
C0537,麻辣烫,10
C0538,蛋糕店,194
C0538,美容护肤,99
C0538,天空之城,36
C0539,露台设计,231
C0539,理发店,107
C0539,影视娱乐,84
C0539,时尚潮流,71
C0541,卡通动漫,54
C0541,饮食,42
C0542,宠物,55
C0542,中式吧台,53
C0542,飞机,52
C0542,家居装潢,46
C0543,疾病健康,174
C0543,袋鼠,32
C0543,燕窝,32
C0543,吊车,27
C0544,家电,48
C0544,影视娱乐,39
C0544,庭院水泥凉亭设计,37
C0545,影视娱乐,112
C0545,购物,110
C0545,健身体育,42
C0545,苏岩,36
C0546,极光敞篷版,91
C0546,new balance,67
C0546,7寸投影仪结构图,24
C0548,园林,192
C0548,汉庭,63
C0548,影视娱乐,47
C0548,家居装潢,41
C0548,卡通动漫,38
C0550,彼岸花,93
C0550,手绘海报,73
C0550,超轻粘土,35
C0550,漫画图片,26
C0550,创意墙纸,26
C0552,喻虹渊,128
C0552,沙漠红柳,119
C0552,电影院,68
C0553,海洋生物,101
C0553,宠物,97
C0553,家电,91
C0553,快餐,63
C0553,白雕,60
C0554,理发店,91
C0554,家居装潢,74
C0601,道路交通,195
C0601,家居装潢,185
C0602,火影忍者,119
C0602,电影院,106
C0602,懒动物,45
C0602,影视娱乐,38
C0602,移动营业厅,37
C0603,宠物,143
C0603,道路交通,139
C0603,直岛美术馆,76
C0603,许晋亨,46
C0603,索隆,38
C0604,飞豹B,217
C0604,蒋勤勤,67
C0604,购物,55
C0604,影视娱乐,36
C0605,购物,86
C0605,蔡司镜片价格表,57
C0605,八卦娱乐,38
C0605,多利有机会所,37
C0605,全智贤,37
C0605,正史,36
C0609,影视娱乐,198
C0609,园林,120
C0609,购物,77
C0613,情侣戒,54
C0613,刘雯崔始源,25
C0613,王丽坤,18
C0613,花塔糖,17
C0613,浦东,15
C0613,汽油车卡车,10
C0613,曼联,9
C0613,巴萨,8
C0613,杭州西溪湿地,7
C0613,维修厂,7
C0616,停车场,96
C0616,鲁敏宇,60
C0616,足疗洗浴,39
C0616,理发店,38
C0617,小吃,129
C0617,餐厅,63
C0617,汽车,63
C0619,影视娱乐,123
C0619,黄渲茗,59
C0619,黄渲茗,55
C0619,八卦娱乐,44
C0621,工商银行,127
C0621,杨幂,101
C0621,纹身手稿,30
C0621,兰州特产,29
C0621,海鲜大全,28
C0621,美食,20
C0624,帕丁顿熊熊瞪,61
C0624,溱潼古镇,39
C0625,卡通头像,69
C0625,风筝,67
C0625,陆风x7内饰,28
C0625,小丑纹身,25
C0625,花开藤蔓,22
C0625,高云翔,21
C0629,美甲,454
C0629,电影院,65
C0629,宠物,42
C0629,八卦娱乐,38
C0631,多肉植物,218
C0631,鱼跃牌老人坐便椅,59
C0631,张馨予,35
C0631,樱桃小丸子,26
C0631,姚迪,26
C0633,幼儿园,68
C0633,耶稣,39
C0634,星巴克,62
C0634,龙门飞甲,59
C0634,柳岩,49
C0634,卡地亚,36
C0635,八卦娱乐,178
C0635,影视娱乐,94
C0635,猛禽f650,60
C0635,猛禽f350,54
C0635,浦东机场,51
C0635,理发店,41
C0635,美甲,41
C0636,快餐,636
C0636,美甲,65
C0636,乌镇,51
C0636,电玩城,39
C0636,雪铁龙c3-xr,39
C0637,宾馆酒店,69
C0637,餐厅,68
C0637,定窑,39
C0637,道路交通,37
C0638,汽车修理点,148
C0638,通用4S店,118
C0638,复联,66
C0638,棒球投手,65
C0638,道路交通,44
C0640,宾馆酒店,143
C0640,影视娱乐,120
C0640,宠物,52
C0640,锦绣前城,42
C0640,家居装潢,37
C0643,龚玥菲,135
C0643,玉石批发市场,84
C0643,电影院,39
C0645,母婴亲子,71
C0645,宠物,46
C0645,榴莲品种,36
C0646,上下蹲立动作分解,61
C0646,浦东丽思卡尔顿酒店,48
C0646,动漫漫画,22
C0647,铺地板革,88
C0647,保时捷,52
C0647,红宝石戒指,51
C0647,克莉丝汀,37
C0649,影视娱乐,89
C0649,理发店,36
C0650,道路交通,49
C0650,电影院,44
C0650,古琴,41
C0651,影视娱乐,224
C0651,卡通动漫,193
C0651,购物,74
C0651,水乡,40
C0653,天使之尸,58
C0653,卡通动漫,41
C0653,宠物,40
C0655,段郢乡,92
C0655,上海虹桥机场,29
C0655,世界各航空公司标志,27
C0655,铁板烧,21
C0656,贾青,101
C0656,整形,74
C0656,河莉秀,42
C0656,博美,36
C0656,开放式厨房,36
C0656,金立s7,33
C0657,食管癌,66
C0657,陈晓,52
C0657,范冰冰,33
C0657,杨幂,29
C0657,万绮雯,29
C0659,崧泽古文化遗址,22
C0659,彩票 ,20
C0659,法轮功,11
C0659,娱乐新闻,11
C0663,怀孕,112
C0663,时装秀,79
C0664,索隆,67
C0664,咖啡厅,64
C0664,鲜花店,55
C0665,鱼,263
C0665,报刊杂志,50
C0665,小吃,43
C0665,江西货车侧翻,37
C0666,猫头鹰,181
C0666,李玹雨,57
C0666,剑三,52
C0666,青花瓷,37
C0666,鑫记伟业,33
C0670,饮食,56
C0670,时光倒流七十年主题曲,49
C0676,娃哈哈,165
C0676,广西梯田龙胜,73
C0676,锥驰S330,57
C0676,八卦娱乐,50
C0676,透明牙套,45
C0676,本田crv,39
C0676,西溪湿地,39
C0680,孙俪,149
C0680,个人写真,11
C0680,宋园路62,10
C0680,健身,8
C0680,汪诗诗,8
C0681,浣碧,80
C0681,油画,41
C0682,宠物,105
C0682,景点,80
C0682,维修厂,69
C0682,健身体育,42
C0682,加油站,36
C0683,影视娱乐,215
C0683,道路交通,41
C0685,电影院,56
C0685,秀智,55
C0688,冰粉,95
C0688,家居装潢,72
C0688,中田春平,49
C0689,八卦娱乐,195
C0689,陶家湾休闲农庄,80
C0689,油画,61
C0689,海报设计,50
C0689,宠物,43
C0689,厕所,42
C0690,顺产,88
C0690,七宝德怀特,73
C0690,卡通动漫,63
C0692,蒋介石,297
C0692,丛灵珊,37
C0693,卡通动漫,52
C0693,星皇星矢,46
C0693,钢铁圣斗士,43
C0693,英伦tx4,40
C0695,建设银行,6
C0695,避风塘,6
C0695,嘉定北11号线,3
C0695,马自达,2
C0697,仓鼠,51
C0697,航空公司,51
C0697,中微子,39
C0697,东方,38
C0698,黑社会,78
C0698,盆栽,76
C0699,黑暗扎基,86
C0699,偶像活动,65
C0701,家居装潢,102
C0701,孔孝真,67
C0701,面包店,39
C0702,盆栽,204
C0702,家居装潢,183
C0702,社区快递,110
C0702,梦洛酒庄,60
C0702,廊坊电厂,42
C0703,餐厅,104
C0703,婚纱摄影,82
C0703,家居装潢,49
C0703,菲亚特菲翔,44
C0704,家居装潢,155
C0704,影视娱乐,145
C0704,方子传,126
C0704,蓝宇,105
C0705,地铁站,72
C0705,八卦娱乐,63
C0705,道路交通,48
C0705,影视娱乐,36
C0706,创意宝宝照片,127
C0706,网吧,41
C0706,复古吊坠,27
C0706,透明手机,21
C0707,平凉工商所,23
C0707,发型设计,18
C0707,杏璃,9
C0707,袁鸣,6
C0707,杨浦区中医医院,2
C0707,诉讼离婚,2
C0707,华东政法大学,2
C0707,酒店,2
C0709,影视娱乐,167
C0709,孜然,120
C0711,粘假睫毛,67
C0711,糖果色马克杯,44
C0711,千年老乌龟,41
C0711,优酷土豆,39
C0711,中关村,22
C0713,中国队长,98
C0713,卡通动漫,84
C0714,婚纱摄影,600
C0714,马特·波莫,37
C0715,童装,66
C0715,励志图片,41
C0715,抽脂,35
C0715,欧米茄星座,24
C0715,宋钰勤,23
C0715,秋田犬,23
C0716,奔驰s600,49
C0716,购物,47
C0718,漫画,473
C0718,小孩针织鞋子图解,238
C0718,肌肉,181
C0718,健身,49
C0720,园林,66
C0720,手机数码,43
C0720,卡通动漫,42
C0721,叶恭子,58
C0721,美甲,45
C0721,影视娱乐,37
C0721,渡海登岛400米障碍,36
C0723,头巾系法,55
C0723,出水痘症状,32
C0723,国外演唱会门票,27
C0723,路由器插线,25
C0724,园林,304
C0724,淞沪会战国画,266
C0724,抗日战争宣传画,232
C0724,美甲,141
C0724,道路交通,121
C0724,铜牌不锈钢牌,61
C0724,卡通动漫,53
C0724,杜江,47
C0726,家居装潢,70
C0726,道路交通,49
C0726,加州清光,46
C0726,巴克利,36
C0727,影视娱乐,85
C0727,汽车维修点,67
C0728,旧t恤改造,806
C0728,道路交通,60
C0728,幼儿园,58
C0728,武功山,49
C0729,过道柜子效果图,112
C0729,酒柜效果图,71
C0729,未必之恋,50
C0729,手机壁纸,33
C0733,鲜花,27
C0733,微信,20
C0733,军事夏令营,19
C0733,悠月工房,17
C0733,画家赵养正,17
C0734,家居装潢,73
C0734,购物,60
C0735,火车票,16
C0735,大汉民国,16
C0735,裁缝,10
C0738,时尚潮流,85
C0738,迈锐宝,49
C0740,影视娱乐,252
C0740,手工,141
C0740,摩登家庭alex,52
C0740,幼木耳,51
C0740,自制贺卡,46
C0741,变形金刚死火,881
C0741,变形金刚探长,173
C0741,大s,62
C0741,硅化木,40
C0741,健身,25
C0742,左小青,51
C0742,全彩福利,43
C0742,顶级马具,32
C0742,施建祥,24
C0743,八卦娱乐,182
C0743,开后眼角,71
C0743,购物,57
C0743,巴厘岛,48
C0743,道路交通,43
C0744,卡通动漫,52
C0744,普桑后桥,46
C0744,宠物,38
C0746,购物,223
C0746,跆拳道价格表,60
C0746,盆栽,40
C0749,影视娱乐,165
C0749,机器人,123
C0749,如果有来生简谱,79
C0749,宾馆酒店,72
C0749,八卦娱乐,38
C0751,卡通动漫,61
C0751,影视娱乐,38
C0751,手机数码,37
C0752,朝阳,56
C0752,手机数码,56
C0752,理发店,41
C0752,外星人,37
C0752,别克,36
C0753,苏梓玲,47
C0753,八卦娱乐,42
C0754,申剑,67
C0754,理发店,50
C0754,赤羽业,40
C0755,健身体育,65
C0755,蛋糕店,49
C0756,韩国明星,182
C0756,手机数码,55
C0757,学校,71
C0757,八卦娱乐,56
C0757,杜宾,52
C0759,中式门头设计效果图,79
C0759,喷火龙mega进化,52
C0759,闪光喷火龙,51
C0759,暴鲤龙mega,43
C0759,qq,35
C0759,唯美语录,35
C0760,理发店,69
C0760,影视娱乐,66
C0760,银行,46
C0761,曼联,15
C0761,凡人优品官方旗舰店,15
C0761,保卫萝卜,14
C0765,乔治王子,25
C0765,邓紫棋,9
C0765,赵雅芝,9
C0765,烧烤,8
C0765,五里桥路派出所,7
C0765,新娘发型,6
C0765,瑞金二路,5
C0765,曙光医院,3
C0765,三野特房车,3
C0767,天然玉石,94
C0767,蛙的种类,59
C0767,48v电动车改60v接线图,45
C0767,磁控管接线图,28
C0768,雨夜屠夫,48
C0768,养乐多,34
C0768,熊出没蛋糕,32
C0768,小学生入学考试题,31
C0768,熊出没蛋糕,29
C0770,百白何,257
C0770,理发店,86
C0770,吊盐水,81
C0770,灵魂战车,71
C0770,泰森,41
C0771,购物,60
C0771,伸冤,50
C0772,宠物,2472
C0772,理发店,103
C0772,八卦娱乐,69
C0772,宾馆酒店,59
C0772,时尚潮流,55
C0773,杭州湾,30
C0773,超b级锁芯钥匙,26
C0773,致命弯道,24
C0773,杨梅,10
C0774,刮痧,6936
C0774,家居装潢,1060
C0774,台球,104
C0774,影视娱乐,67
C0775,何炅井柏然,128
C0775,井柏然何炅,81
C0777,影视娱乐,94
C0777,塌塌米,62
C0777,串口线接法,53
C0780,宜家装修设计图,81
C0780,园林,79
C0780,粘土瓢虫,60
C0780,卡通动漫,51
C0780,家居装潢,44
C0780,嘉娜伯格,44
C0780,美发,38
C0780,鲜花店,38
C0781,水培植物,83
C0781,香奈儿耳钉,55
C0781,马尔科·罗伊斯,32
C0781,瀑布编发教程图解,25
C0782,眼镜店,104
C0782,霍建华,94
C0782,手工,78
C0782,粗棒针毛衣编织款式,47
C0783,上海师范大学,216
C0783,交通事故,51
C0783,奇瑞路虎,22
C0783,家居装潢,15
C0783,杭州西湖,12
C0785,范冰冰,114
C0785,风景区,57
C0785,卡通粽子,29
C0785,诸宸,28
C0786,唯美头像,65
C0786,演员张博,38
C0786,琉璃手镯,28
C0788,警察,191
C0788,影视娱乐,159
C0788,购物,96
C0788,妖娆,40
C0789,股疯片尾台词,162
C0789,斯巴达克,37
C0790,如家,84
C0790,报刊杂志,63
C0790,红五月,47
C0790,火车,46
C0790,飞机场,38
C0791,荷蟹,27
C0791,自学考试,16
C0791,浦东,15
C0792,我是特种兵,43
C0792,中式牛排,41
C0792,澳洲大龙虾,37
C0792,购物,36
C0793,比基尼,88
C0793,五月天,38
C0794,宠物,81
C0794,我叫mt,76
C0794,室内效果图,59
C0794,医疗健康,49
C0794,捐精,38
C0795,单身公寓,138
C0795,宠物,63
C0797,长白山天池水怪,159
C0797,手绘服装设计图,78
C0797,丽水大港头风景图片,55
C0797,美发发型,32
C0798,上海市区地图,35
C0798,孙红雷,29
C0798,鲶鱼效应,26
C0798,布加迪威龙,25
C0799,购物,168
C0799,宝格丽手链,72
C0800,动漫,41
C0800,美食,33
C0801,家居装潢,88
C0801,今天开始做爸爸,43
C0801,苏瑞,39
C0802,苗族服装,156
C0802,八卦娱乐,108
C0802,画家焦彬,63
C0802,禅意榻榻米,56
C0802,宾馆酒店,54
C0802,景点,37
C0803,卡通动漫,21
C0803,卡通动漫,17
C0803,汽油车,10
C0806,影视娱乐,246
C0806,饮食,39
C0807,影视娱乐,158
C0807,卡通动漫,89
C0807,巴菲特,50
C0808,银行,235
C0808,理发店,80
C0808,影视娱乐,51
C0812,饮食,143
C0812,凯迪拉克ats-l,55
C0812,宾馆酒店,44
C0812,窦唯,39
C0814,影视娱乐,198
C0814,宝马640i,96
C0814,朱丹,91
C0814,柔体,60
C0814,药店,38
C0816,赤水,71
C0816,金珠吊坠,57
C0816,陈子萱,44
C0816,阳台装修效果图,32
C0817,学校,95
C0817,宠物,65
C0817,影视娱乐,56
C0817,南瓜饼,51
C0817,叶彤,41
C0818,道路交通,101
C0818,时尚潮流,55
C0818,鱼,45
C0818,新淮海坊,44
C0819,影视娱乐,91
C0819,迈锐宝内饰,64
C0819,嘉御庭二期,52
C0819,首饰,45
C0820,手机数码,97
C0820,饭筲箕,75
C0820,宝儿,39
C0821,家居装潢,123
C0821,葫芦娃,100
C0821,盆栽,47
C0821,深圳婚庆服务,36
C0822,鹿晗最帅侧脸,58
C0822,水松板,38
C0822,八卦娱乐,36
C0823,万蒂妮,37
C0823,道路交通,36
C0824,影视娱乐,734
C0824,理发店,38
C0825,影视娱乐,124
C0825,便利店,92
C0825,中国航母,51
C0825,菩提子,39
C0827,彩铅画,108
C0827,八卦娱乐,50
C0827,沃尔玛,45
C0827,迪卡侬,44
C0828,兰博基尼,310
C0828,橙果摄影,82
C0828,酒红头发色,26
C0828,长方钻戒指设计款,24
C0830,心形背景素材,117
C0830,桌布背景,51
C0834,贾静雯,30
C0834,卷发中长发,27
C0835,佛冠,96
C0835,石膏素描,47
C0835,沃尔沃c30,43
C0835,九谷瓷器,40
C0835,五丰上食,40
C0836,购物,111
C0836,早饭,44
C0836,淘宝买家秀木耳,37
C0839,影视娱乐,108
C0839,理发店,95
C0839,油画,42
C0839,八卦娱乐,37
C0840,理发店,168
C0840,南柱赫,58
C0843,动物,17
C0843,小吃,13
C0843,购物,10
C0844,小红瓶香水,49
C0844,上海地图,48
C0844,宠物小精灵,33
C0844,张钧甯,26
C0844,兔唇,23
C0844,杨建平,21
C0846,影视娱乐,427
C0846,购物,236
C0846,八卦娱乐,203
C0846,青年旅社,54
C0846,苜蓿收割机,51
C0846,理发店,47
C0846,时尚潮流,41
C0847,海参,178
C0847,初音未来,119
C0847,纪姿含,77
C0847,影视娱乐,40
C0849,水果店,88
C0849,复合弓,40
C0849,方尔加,38
C0850,非主流图片,288
C0850,海边,97
C0850,松江有轨电车,60
C0850,唯美图片,36
C0851,童蕾,15
C0851,英文手写体,12
C0851,虎口纹身,11
C0851,手臂纹身,4
C0852,涂鸦图片,38
C0852,瞎子,21
C0853,水果店,80
C0853,家居装潢,61
C0853,卡通动漫,47
C0853,影视娱乐,42
C0854,首饰拼图,114
C0854,罗伯特帕丁森克里斯汀,48
C0854,智齿,25
C0854,彦池世博,21
C0855,吴秀波,54
C0855,八卦娱乐,45
C0855,苔藓微观盆景,42
C0855,网吧,41
C0856,家电,153
C0856,杰克森斯坦森,122
C0856,道具原画,96
C0856,影视娱乐,82
C0856,婚纱摄影,74
C0856,尼古拉斯凯奇,63
C0856,化学位移伪影,38
C0860,影视娱乐,64
C0860,报国寺,56
C0861,文咏珊,32
C0861,火锅餐厅,20
C0861,上海火车站,16
C0861,整形,14
C0861,中药材大全,7
C0862,韩国娱乐圈,52
C0862,梅亿集团,28
C0862,嘉定土菜馆,28
C0862,海兽葡萄镜,22
C0863,容祖儿,46
C0863,乐视超级手机,26
C0866,上海市医药学校,74
C0866,水杉美图,52
C0866,空气刘海,40
C0866,郑爽,35
C0866,农商银行网点,30
C0867,八卦娱乐,75
C0867,明星,36
C0869,宾馆酒店,176
C0869,杰森斯坦森,48
C0869,家居装潢,43
C0869,购物,39
C0870,生病,78
C0870,清朝地契,67
C0870,刀剑乱舞,52
C0870,我要放假,49
C0870,八卦娱乐,46
C0870,手工,46
C0871,智力七巧板中国梦,53
C0871,李宗瑞,35
C0871,哈弗h6,22
C0872,明星,16
C0872,柳岩,14
C0872,手表,7
C0872,爱文芒,6
C0872,先锋綫,6
C0878,卡通动漫,85
C0878,电影院,37
C0900,吐根哈特,49
C0900,昆凌,42
C0900,游戏,38
C0906,地铁站,1162
C0906,家居装潢,192
C0906,鲜花店,136
C0906,景明花园,93
C0906,吊兰,60
C0907,上海交通大学,27
C0907,购物,24
C0907,明信片,20
C0907,家居装潢,12
C0908,诸暨特产,48
C0908,菖蒲盆景,41
C0909,迪奥戴妃包,80
C0909,游戏王光天使卡组,27
C0909,卫生间装修效果图,26
C0909,动漫,24
C0909,游戏王霍普,22
C0910,影视娱乐,49
C0910,卡通动漫,40
C0910,本拉登,37
C0912,购物,142
C0912,曾轶可,78
C0912,影视娱乐,50
C0913,花千骨演员,43
C0913,东理地胶1053,35
C0913,外婆家,30
C0913,上海田子坊,23
C0914,特种兵,124
C0914,特种部队,57
C0915,美妆,89
C0915,游戏,77
C0915,购物,76
C0915,影视娱乐,55
C0915,劳斯莱斯,36
C0916,面包店,22
C0916,冰激凌,16
C0916,长城汽车,15
C0916,绘画,15
C0917,家居装潢,235
C0917,影视娱乐,197
C0917,瓜叶菊,61
C0917,汽车,56
C0919,上海移动营业厅,58
C0919,水瓶座符号,52
C0919,东佘山森林公园,34
C0919,肯德基,28
C0919,美食,23
C0920,加油站,165
C0920,影视娱乐,101
C0920,生育,70
C0920,白首,62
C0920,关早立,47
C0920,饮食,39
C0921,简易钢笔速写,30
C0921,变形金刚,18
C0921,自制首饰架,17
C0921,瑞士钟表,10
C0921,建筑手绘,8
C0925,手机数码,78
C0925,奇闻趣事,54
C0925,国信证券,43
C0925,卡通动漫,43
C0925,购物,36
C0929,闸北洗浴,45
C0929,汤灿,27
C0929,崖柏树,26
C0929,山丹军马场,26
C0929,求婚动漫图片,22
C0930,自行车,91
C0930,家居装潢,38
C0933,文征明,193
C0933,银行,89
C0934,摄影,27
C0934,机车,19
C0934,上海地图,12
C0934,小型吹膜机,5
C0934,浦发银行,4
C0934,界龙实业,3
C0934,有机蔬菜,1
C0934,东方财富,1
C0935,纽扣创意,64
C0935,料理,58
C0935,愚公移山,45
C0935,董洁,36
C0937,红宝石,70
C0937,枇杷,45
C0937,影视娱乐,43
C0937,卡通动漫,39
C0943,手机数码,110
C0943,东施效颦,44
C0944,宜家,129
C0944,及川光博,68
C0944,影视娱乐,45
C0944,彭于晏,38
C0945,帕差拉吉帝雅帕公主,142
C0945,卡斯罗,100
C0945,全智贤,38
C0946,李佳,45
C0946,生日布置,35
C0946,三国杀神吕布,34
C0946,多肉植物,21
C0946,夺宝幸运星,21
C0947,二战杜宾,172
C0947,家居装潢,66
C0948,加油站,48
C0948,上海虹口龙之梦,31
C0948,厨房装修效果图,31
C0948,水粉画,28
C0948,上海野生动物园,24
C0950,苗侨伟,107
C0950,理发店,67
C0950,影视娱乐,51
C0950,苗彤,37
C0951,叶梓萱,128
C0951,宾馆酒店,44
C0951,捷安特,44
C0951,卡通动漫,36
C0952,同校生2,100
C0952,卡通动漫,68
C0952,刺绣唐卡黄财神,65
C0952,同校生3,63
C0954,桃屋猫三国梦想汉化,70
C0954,卫生间设计,30
C0954,伊莲娜写真,29
C0956,启东山羊,79
C0956,卡莲,49
C0957,月经,92
C0957,青岛车展,83
C0957,淘宝买家秀,51
C0958,腹腔解剖图,52
C0958,野蛮人冲锋套,24
C0958,掌纹图解,23
C0958,陆小曼,22
C0958,何傲儿,21
C0959,饮食,158
C0959,唐门正太,39
C0960,林好,184
C0960,景甜,43
C0960,刘馨予,43
C0960,邓紫棋,37
C0960,微信,22
C0961,购物,323
C0961,宠物,178
C0961,饮食,61
C0961,横店圆明园,59
C0962,吸血鬼日记第六季,180
C0962,影视娱乐,112
C0962,手工,49
C0966,卡通动漫,100
C0966,儿童画,75
C0966,瓜子脸,70
C0966,鱼,63
C0966,影视娱乐,58
C0966,手机数码,51
C0966,家居装潢,44
C0966,玛格丽特公主,39
C0969,购物,34
C0969,宠物,16
C0969,旅游,13
C0972,冲关大峡谷,60
C0972,豆沙绿,45
C0972,朵拉,43
C0974,精油,33
C0974,潘玮柏,25
C0974,苏菲玛索,25
C0974,prada男士双肩包,15
C0974,陈奕迅专辑,14
C0974,黑佛鳄龟,12
C0977,影视娱乐,108
C0977,哈士奇,79
C0977,足球队徽,73
C0977,玻璃瓶,54
C0977,珊瑚礁,48
C0978,乌兰图雅,113
C0978,许少峰,88
C0978,支气管炎,47
C0978,蜘蛛,30
C0978,龙,26
C0981,影视娱乐,57
C0981,西木野真姬UR,41
C0982,康耐登黑胡桃,116
C0982,刘馨予,49
C0982,父亲节,37
C0982,澳门银河酒店,30
C0983,道路交通,268
C0983,玛丽莲梦露,60
C0983,八卦娱乐,44
C0983,电影院,39
C0984,影视娱乐,179
C0984,卡通动漫,149
C0984,多肉拼盆设计,98
C0984,八卦娱乐,47
C0984,琉璃剑,42
C0984,天空之城钢琴曲谱,40
C0984,伊丽莎白奥尔森,38
C0991,影视娱乐,273
C0991,卡通动漫,99
C0991,医疗健康,49
C0991,购物,37
C0993,百慕大三角,144
C0993,浦东招商银行网点,57
C0993,s6 edge,40
C0993,上海nike专卖店,34
C0993,五菱征程改装,33
C0995,理发店,104
C0995,八卦娱乐,56
C0995,动物妆,47
C0995,家庭教师,44
C0995,初音未来,43
C0995,影视娱乐,41
C0995,手工,38
C0996,美甲,237
C0996,家居装潢,69
C0996,学校,44
C0998,隐弗,433
C0998,家居装潢,321
C0998,浪漫传说隐弗,202
C0998,影视娱乐,143
C0998,婚纱摄影,104
C0998,美食,85
C0998,柳岩,46
C0998,徐子淇,38
C0998,英菲尼迪,38
C0999,苏格兰纸币,58
C0999,水墨荷花,35
C0999,微信,31
C0999,男士佛珠手链,28
C1002,医疗卫生,94
C1002,影视娱乐,50
C1003,建筑湾,218
C1003,体育健身,193
C1003,新沙岛,73
C1003,天子地,68
C1003,八卦娱乐,66
C1003,影视娱乐,46
C1006,家居装潢,118
C1006,银行,102
C1006,九间堂,55
C1008,阿狸,97
C1008,杰德尾翼安装,46
C1008,禁止标识,37
C1008,福特蒙迪欧2015款,34
C1008,赫拉限量版气垫,33
C1010,道路交通,72
C1010,玛莎拉蒂,71
C1010,宠物,44
C1010,银都名墅,41
C1010,武钦元,38
C1012,快餐,1259
C1012,道路交通,363
C1012,婚纱摄影,153
C1012,餐厅,116
C1012,理发店,64
C1012,家居装潢,60
C1012,美食,46
C1015,理发店,176
C1015,杜淳,144
C1015,洗牙,92
C1015,影视娱乐,51
C1016,理发店,138
C1016,江诗丹顿,62
C1016,修杰楷,45
C1018,影视娱乐,402
C1018,理发,37
C1020,购物,161
C1020,影视娱乐,111
C1020,八卦娱乐,66
C1021,德拉霍亚,48
C1021,桃白白,44
C1022,柳岩,54
C1022,林志玲,43
C1022,迪拜,32
C1022,钢铁侠,31
C1023,黄龙600,47
C1023,公交站,44
C1024,道路交通,120
C1024,宾馆酒店,93
C1024,别克昂科威,62
C1024,购物,45
C1024,福克斯改装,38
C1027,道路交通,181
C1027,宠物,38
C1030,长宁区,26
C1030,名画图片,25
C1030,qq,25
C1030,杨幂,21
C1032,卡通动漫,128
C1032,宛恩,96
C1032,癌症,47
C1032,家居装潢,45
C1034,理发店,193
C1034,影视娱乐,60
C1034,园林,53
C1035,玉镯,130
C1035,魅族4,29
C1035,天门山,27
C1037,影视娱乐,78
C1037,鱼,50
C1037,购物,43
C1038,服装秀,82
C1038,家居装潢,57
C1038,汽车,47
C1040,货物运输发票,98
C1040,山水,81
C1040,物流发票,72
C1040,庭院景观铺装,48
C1040,黄子韬,45
C1041,军队展板,115
C1041,影视娱乐,92
C1041,戚薇,56
C1041,家居装潢,36
C1042,美发,54
C1042,购物,37
C1043,家居装潢,389
C1043,餐厅,80
C1043,癌症,43
C1043,东北樱桃,41
C1047,北京现代上海4s店,15
C1047,冬瓜,9
C1047,有机玻璃,8
C1047,槟榔,6
C1047,泡面,3
C1047,踏板摩托车,2
C1048,魔兽争霸,73
C1048,蚕,54
C1048,杨幂,32
C1048,发型,29
C1049,健身体育,532
C1049,家居装潢,179
C1049,园林,58
C1049,咖啡厅,51
C1049,足球宝贝,46
C1049,学校,40
C1050,影视娱乐,79
C1050,八卦娱乐,44
C1052,家电,195
C1052,家居装潢,87
C1052,尾兽,64
C1052,宠物,53
C1052,风景速写,37
C1054,电玩城,343
C1054,家居装潢,88
C1055,火影忍者,82
C1055,影视娱乐,75
C1055,水果店,72
C1055,购物,49
C1055,嬉戏谷,48
C1056,原石手链,64
C1056,蛋糕店,57
C1056,拉布拉多,41
C1056,联想s5000,40
C1056,购物,39
C1057,足疗洗浴,56
C1057,莱肯跑车,52
C1057,理发店,45
C1057,复仇者联盟2雷神,38
C1058,学校,128
C1058,道路交通,118
C1058,影视娱乐,61
C1058,八卦娱乐,60
C1060,影视娱乐,327
C1060,透视装,100
C1060,购物,42
C1061,影视娱乐,106
C1061,战国红,59
C1061,家居装潢,38
C1062,梦比优斯电影,47
C1062,帕萨特,27
C1062,何炅,24
C1069,曲栅栅,29
C1069,短裙,27
C1069,华为荣耀6plus,25
C1072,姜景奎,181
C1072,理发店,49
C1072,龚玥菲,46
C1072,社区快递,44
C1072,影视娱乐,37
C1073,影视娱乐,271
C1073,家居装潢,38
C1077,小户型装修,157
C1077,战姬天下,73
C1077,张馨予,30
C1077,萧幼贞,25
C1077,久保田插秧机,25
C1079,萨摩耶,112
C1079,水滴,50
C1080,葵司,295
C1080,超级制服,81
C1080,冰草,45
C1080,八卦娱乐,36
C1082,儿童环保服装制作,136
C1082,影视娱乐,82
C1082,购物,39
C1084,众泰t600,164
C1084,博兰路,33
C1084,周韦彤,32
C1084,理财产品,31
C1085,英菲尼迪fx35,55
C1085,网吧,27
C1085,胡洁,26
C1089,南京爱情隧道,50
C1089,黑猫,11
C1089,嘉闵高架二期规划图,9
C1089,美食,3
C1091,购物,257
C1091,绝对领域,83
C1091,八卦娱乐,47
C1091,椅子脚垫,45
C1091,纪姿含,43
C1092,古惑仔,244
C1092,园林,237
C1092,理发店,104
C1092,购物,83
C1092,卡迪拉克,54
C1094,道路交通,84
C1094,影视娱乐,48
C1094,黑眼豆豆,47
C1095,陆昂背景,98
C1095,汽车,80
C1095,影视娱乐,71
C1095,电影院,67
C1096,徐子淇,186
C1096,道路交通,170
C1096,徐红,86
C1096,影视娱乐,79
C1096,苗圃,39
C1097,母婴亲子,17
C1097,空气刘海,15
C1097,神盾局,15
C1097,别墅,9
C1097,加勒比海盗,8
C1097,宠物小精灵,8
C1098,欢乐颂简谱,18868
C1098,赤壁怀古书法,98
C1098,茶室设计优秀作品,59
C1098,学校,50
C1098,布加迪概念车,46
C1098,机动战舰,46
C1099,奔驰,131
C1099,影视娱乐,120
C1099,陶昕然,58
C1099,百达翡丽,55
C1099,购物,48
C1100,百白何,5142
C1100,影视娱乐,158
C1100,陆瓷,118
C1100,白魔芋,92
C1100,百合食物,60
C1101,汽车,103
C1101,购物,80
C1101,景德镇陶瓷学院住宿,68
C1101,医疗健康,44
C1101,影视娱乐,37
C1113,航空公司,190
C1113,灿烈,69
C1113,鱼,67
C1113,莫妮卡贝鲁奇,56
C1118,国家会展中心,65
C1118,卡通动漫,42
C1121,迪士尼城堡,102
C1121,超级跑车,54
C1121,甘薇,42
C1121,自行车,38
C1126,影视娱乐,141
C1126,脑瘫宝宝,51
C1126,比格,37
C1128,影视娱乐,245
C1128,电影院,101
C1128,七叶和茶,72
C1128,理发店,71
C1128,道路交通,58
C1129,凯雷德,69
C1129,影视娱乐,51
C1129,九江庐山区公安局长程文,40
C1131,两房一厅装修,17
C1131,会计学校,11
C1131,汽车维修,7
C1131,苹果6,6
C1132,美甲,671
C1132,影视娱乐,131
C1132,卡通动漫,130
C1132,理发店,56
C1132,宠物,40
C1138,茄子,45
C1138,凯瑞根,43
C1138,暗黑破坏神3,34
C1138,上海德梅柯汽车装备有限公司,28
C1138,哈雷883,25
C1138,哈雷1200,16
C1139,影视娱乐,61
C1139,手机数码,58
C1140,杜达雄,48
C1140,宾馆酒店,42
C1148,扇子做法,422
C1148,健身,68
C1148,纹身图案,25
C1149,购物,172
C1149,美发,85
C1149,洛天依,47
C1156,跟腱断裂,43
C1156,丁咛,20
C1156,漫画,16
C1156,条状云,15
C1156,502胶水,7
C1156,金毛,7
C1158,家居装潢,114
C1158,陆家嘴,59
C1158,影视娱乐,56
C1158,购物,52
C1158,仓库打包出库,45
C1158,戴尔专卖店,37
C1162,梵克雅宝四叶草项链,54
C1162,农村室内装饰,54
C1163,齐耳短发,50
C1163,短发图片,50
C1163,简朴森倒闭,41
C1163,黄圣依,40
C1163,小别墅设计图,21
C1164,田子坊,9
C1164,宋慧乔,7
C1164,鹿晗,6
C1164,做饭,4
C1164,临港,1
C1164,景点,1
C1165,普拉达男包,61
C1165,糖果图片,29
C1165,羽毛,16
C1165,自制花盆,12
C1165,幽兰色,11
C1165,景点,7
C1170,越南黄花梨,29
C1170,吸尘器,27
C1170,花样姐姐,20
C1170,旅游景点,19
C1170,医疗健康,12
C1172,尚格云顿,87
C1172,史蒂夫奥斯汀,55
C1172,鹿晨辉,47
C1172,陆风x7,46
C1172,面包车改装,39
C1175,牛板筋菜品,29
C1175,陶艺模型,26
C1175,杜宾犬,25
C1175,花千骨,22
C1177,购物,85
C1177,宠物,63
C1177,影视娱乐,56
C1201,泰芒,260
C1201,禅意榻榻米,39
C1201,支付宝,36
C1201,GQ封面,31
C1201,携程,24
C1203,美甲,1089
C1203,彭丽媛,85
C1203,理发店,75
C1203,家电,49
C1203,便利店,43
C1203,公园,43
C1203,家居装潢,37
C1204,百日蔷薇,111
C1204,小米5,49
C1204,灵异事件,49
C1204,手工皮艺,45
C1204,两厢汽车,33
C1204,打浦路15号,23
C1205,东天目山昭明寺,75
C1205,母婴亲子,73
C1205,聊天背景,48
C1206,单身公寓,1273
C1206,宜家,131
C1206,便利店,51
C1206,宠物,38
C1206,家居装潢,36
C1208,奔跑吧兄弟嘉宾表,68
C1208,坐厕椅,39
C1209,医疗健康,116
C1209,卡通动漫,49
C1209,影视娱乐,37
C1211,部落冲突,181
C1211,影视娱乐,58
C1214,手机数码,81
C1214,水乡,73
C1214,吴亦凡,60
C1214,魔兽世界风景,43
C1214,家居装潢,36
C1215,泽雅风景区,32
C1215,樊玲,18
C1215,上官云珠,17
C1215,日本寿司,14
C1221,软陶制作教程,127
C1221,四轮定位图解,70
C1221,金球奖红地毯,51
C1221,发型男士,37
C1223,黄晓明,120
C1223,习近平坐驾,42
C1223,虫子,37
C1251,美发,25
C1251,卡通动漫,18
C1251,卡通动漫,15
C1251,租房,12
C1252,购物,312
C1252,婚纱摄影,48
C1252,八卦娱乐,44
C1252,家居装潢,44
C1253,购物,62
C1253,家居装潢,58
C1253,园林,52
C1253,凯德龙之梦虹口,44
C1255,影视娱乐,211
C1255,砌块砖,62
C1255,彩铅画,57
C1255,华府天地睿园,56
C1255,水果店,41
C1256,家居装潢,179
C1256,手机数码,133
C1256,家电,45
C1257,乔丹未来编织,45
C1257,宠物,44
C1258,泰国浴,92
C1258,芽笼,87
C1258,电信营业厅,36
C1263,健身体育,205
C1263,马,161
C1263,凯特波克,75
C1263,盆栽,59
C1263,钟繇书法,58
C1263,影视娱乐,55
C1264,斯蒂芬库里三分,107
C1264,现代简约现代画,37
C1264,现代画贴图,31
C1264,水粉画,26
C1264,乐高建筑,26
C1265,李思思,105
C1265,火鸡图片,44
C1265,林心如,34
C1265,李易峰,32
C1265,超大型犬,22
C1267,玉蒲团,234
C1267,上海石化海滩,121
C1269,婚纱摄影,137
C1269,道路交通,110
C1269,影视娱乐,94
C1269,付辛博,48
C1269,八卦娱乐,42
C1270,影视娱乐,245
C1270,电影院,79
C1270,鱼,66
C1270,正五边形,56
C1270,购物,37
C1271,宠物,149
C1271,毛囊炎,42
C1271,卡通动漫,40
C1272,杨幂,47
C1272,依视路镜片,32
C1272,古玩市场,32
C1272,赵志敬,29
C1272,复仇者联盟2,28
C1272,陈伟霆,22
C1272,亚麻色头发,22
C1274,方静,43
C1274,道路交通,38
C1276,篆刻,70
C1276,有创意的集体照,40
C1276,健康线,33
C1276,ph灯具,23
C1276,地铁上海图,23
C1280,钢琴,73
C1280,八卦娱乐,59
C1280,家居装潢,53
C1280,玛雅雕塑,44
C1280,影视娱乐,43
C1339,宋佳,30
C1339,外滩观光隧道,26
C1339,快捷酒店,25
C1339,公交站,24
C1342,酷奇皮带,181
C1342,影视娱乐,47
C1342,购物,41
C1343,玛莎拉蒂轿车,70
C1343,山水盆景,52
C1343,龚建华,46
C1343,水粉画,46
C1343,中澳海底光缆,43
C1345,理发店,268
C1345,影视娱乐,51
C1346,齐刘海短发,102
C1346,脸普的图案,36
C1346,哈萨克族,25
C1346,闵行金平路地图,25
C1347,同里古镇,37
C1347,仙剑奇侠传5,20
C1347,银豹摩托车,11
C1347,加油站,10
C1347,苏州园林,7
C1347,维修厂,6
C1347,梦幻西游,3
C1347,停车场,3
C1348,楼道门,47
C1348,石头画,43
C1348,中国移动通信网点,39
C1348,卢琴,36
C1349,护士节,50
C1349,徐璐,29
C1349,华光苑,26
C1349,浙江大学集体婚礼,13
C1349,上海锦江乐园,11
C1349,希腊体育场,10
C1349,桂林,10
C1349,韩式发型,8
C1349,香水,6
C1350,鲜花店,94
C1350,舞蹈绘画,40
C1350,日内瓦,39
C1351,宝格丽戒指,79
C1351,海娜号邮轮,30
C1352,启东恒大威尼斯,22
C1352,童装店,14
C1352,房管所,12
C1354,影视娱乐,144
C1354,檀丽,75
C1355,宠物,143
C1355,不丹工艺品,68
C1355,中国电信营业厅地址,54
C1355,影视娱乐,47
C1356,陆家嘴,44
C1356,唐嫣,21
C1358,全视之眼,125
C1358,理发店,57
C1360,便利店,186
C1360,影视娱乐,53
C1362,宠物,136
C1362,影视娱乐,87
C1363,南泰铉,217
C1363,卡通动漫,74
C1363,伊丽莎白泰勒,72
C1363,影视娱乐,64
C1363,宾馆酒店,58
C1363,饮食,36
C1364,蝴蝶犬,43
C1364,叶问3,26
C1364,巴黎,26
C1365,帕莎眼镜,82
C1365,上海教育电视台周荃,25
C1365,tf boy,22
C1367,美体,253
C1367,购物,132
C1367,健身,114
C1367,街拍,104
C1367,时尚,84
C1369,六小龄童,50
C1369,鹿晗,32
C1369,莱州红犬,30
C1371,美甲,12
C1371,萝莉,10
C1371,刘德华,9
C1372,手工制作,18
C1372,汽车,18
C1372,加油站,14
C1372,馨宁公寓,10
C1377,艺术体操,14
C1377,高考,2
C1377,上海最大的汽配城,2
C1377,东北雪木厂,1
C1378,大自然闪电图,154
C1378,黒蝎妇,84
C1378,卧室装修,68
C1379,影视娱乐,220
C1379,瑞士最美小镇,77
C1379,挪威小镇,68
C1379,八卦娱乐,58
C1380,八卦娱乐,192
C1380,家居装潢,56
C1380,天域,44
C1382,公交站,109
C1382,手机数码,55
C1382,鲜花店,52
C1382,袁立,38
C1384,雅西高速,39
C1384,服装,23
C1387,贵州地图,24
C1387,餐厅,20
C1387,宠物,16
C1387,华硕,10
C1388,餐厅,21
C1388,新浪网,19
C1388,城管大队,18
C1388,结婚,17
C1388,上海火车站,16
C1388,香港旅游,15
C1399,健力美,123
C1399,健身,83
C1399,潮流,50
C1402,文艺男青年,39
C1402,李晨,17
C1402,五十度灰,13
C1402,板寸,9
C1402,上海羽毛球,8
C1402,比格犬,6
C1406,体育健身,75
C1406,钢琴,29
C1406,总统公寓,24
C1406,美发,14
C1408,天体,60
C1408,汗蒸,21
C1418,对月草,49
C1418,蕾丝兔宝宝,42
C1418,微信,18
C1418,金丝楠木,18
C1418,宝马,13
C1418,双色球,4
C1420,影视娱乐,58
C1420,孔子,49
C1422,婴儿车,37
C1422,南柱赫,27
C1422,中国十大酷刑,23
C1422,榴莲,23
C1422,qq,22
C1424,公交站,205
C1424,手机数码,78
C1424,八卦娱乐,62
C1424,影视娱乐,50
C1425,设计装修,175
C1425,外带耳机,72
C1425,影视娱乐,44
C1426,购物,187
C1426,园林,100
C1426,闫凤娇,83
C1426,冷战组,66
C1426,影视娱乐,55
C1426,象樽,46
C1427,购物,73
C1427,卡通动漫,38
C1429,化妆品店,65
C1429,水位开关,14
C1429,减肥,11
C1429,女同性恋做爱图片,8
C1431,道路交通,136
C1431,学校,128
C1431,汽车,91
C1431,家居装潢,85
C1431,影视娱乐,57
C1431,八卦娱乐,42
C1431,武松断臂,36
C1434,园林,116
C1434,影视娱乐,97
C1434,海洋动物,65
C1443,七匹狼t恤,50
C1443,传颂之物,46
C1443,手工,44
C1443,五十铃mu-x,39
C1444,影视娱乐,103
C1444,宠物,46
C1445,购物,79
C1445,卡通动漫,61
C1445,宠物,52
C1446,影视娱乐,384
C1446,纪姿含,107
C1447,影视娱乐,164
C1447,浙江桐庐,45
C1447,卡通动漫,44
C1448,影视娱乐,62
C1448,注塑模具,55
C1448,白歆惠,49
C1448,浪琴月相表,43
C1448,八卦娱乐,42
C1450,霜花店,74
C1450,人间中毒,71
C1450,布拉芙夫人,70
C1450,杨钰莹,45
C1451,餐厅,52
C1451,道路交通,50
C1451,鲜花店,39
C1453,雅马哈400街车,118
C1453,绿城玉兰公馆,93
C1453,购物,41
C1453,膝盖骨折,38
C1453,宜兴贵和缘,37
C1454,银行,22
C1454,房车之家,20
C1454,上海野生动物园,20
C1454,餐厅,11
C1455,理发店,55
C1455,水乡,52
C1455,长安之星2代,47
C1457,娱乐新闻,32
C1457,蛋糕店,18
C1457,联合航空,14
C1457,qq,13
C1460,卡通动漫,75
C1460,宠物,58
C1460,健身体育,55
C1460,丰都鬼城,50
C1460,购物,36
C1461,江淮m5,68
C1461,手机数码,50
C1461,理发店,43
C1462,v尾四轴机架,45
C1462,茅盾故居,30
C1462,菊花台简谱,25
C1464,电信,14
C1464,黑暗面女主角,12
C1464,文涵路444,6
C1464,民生银行,6
C1465,外滩,79
C1465,福特野马,53
C1467,蛋糕店,132
C1467,山根隆鼻,44
C1467,道路交通,38
C1470,索尼爱立信手机,20
C1470,美食,7
C1470,mk包包,5
C1470,狗尾花,4
C1470,凯迪社区,4
C1470,别克商务车,4
C1470,小吃,3
C1472,约克夏,117
C1472,八卦娱乐,82
C1472,家居装潢,79
C1474,夏装,154
C1474,家居装潢,84
C1474,美发,12
C1475,盆栽,137
C1475,叶璇,104
C1475,五月天,55
C1475,八卦娱乐,40
C1475,卡通动漫,39
C1477,海鲜类,40
C1477,骷髅男孩,23
C1477,上海图书馆,11
C1477,美食,11
C1477,母亲节,8
C1478,影视娱乐,86
C1478,虞玥,52
C1478,电信施工,44
C1478,旗袍,42
C1479,深证指数,24
C1479,比亚迪,15
C1479,上证指数,4
C1479,文峰电影院,4
C1479,肺,2
C1480,汽车修理点,66
C1480,道路交通,37
C1480,理发店,37
C1486,影视娱乐,172
C1486,夏季疾病预防,83
C1486,践行强军目标黑板报,48
C1489,人气美食,52
C1489,美发,34
C1489,面包店,18
C1489,空中悍马,14
C1489,立式饮水机,13
C1491,抚仙湖,19
C1491,兰博基尼,17
C1491,地铁九号线,14
C1491,美容护肤,12
C1496,机场,65
C1496,传统麒麟接花臂,55
C1500,园林,118
C1500,西式糕点,60
C1500,飞轮海,53
C1500,炎亚纶,37
C1502,医疗卫生,53
C1502,影视娱乐,37
C1504,华为p8,21
C1504,菊太路菊盛路,8
C1504,导光板,7
C1504,君航大酒店,6
C1504,进口保健品,4
C1504,上海迪士尼乐园,4
C1504,鲜花速递,3
C1504,百里峡住宿,3
C1504,火锅加盟,2
C1504,同济口腔医院,2
C1504,携程网,2
C1507,希望工程,262
C1507,家电,164
C1507,卡通动漫,126
C1507,理发店,53
C1510,礼泉火车站,165
C1510,影视娱乐,146
C1510,空手指,42
C1511,复仇者联盟2,34
C1511,杨振宁,30
C1511,杜致礼,27
C1511,减肥,11
C1511,短发发型,9
C1512,影视娱乐,143
C1512,购物,49
C1513,避孕,109
C1513,便利店,69
C1514,生产车间标语,62
C1514,八卦娱乐,45
C1514,影视娱乐,36
C1515,废棉布,59
C1515,废旧棉纱布,28
C1515,废旧布料,18
C1515,奥迪q7,13
C1515,3M口罩耳塞,12
C1515,废布回收,10
C1516,身份照,27
C1516,火龙果种植,22
C1516,名犬,21
C1517,地砖菱形铺贴效果图,124
C1517,柳岩,37
C1517,婚车装饰,35
C1517,地砖拼图效果图,35
C1517,倪妮,28
C1517,绿化中级工证书,28
C1517,v字仇杀队,27
C1518,美甲,111
C1518,纪梵希太阳镜,41
C1519,理发店,174
C1519,碧波庭,68
C1523,内田有纪,53
C1523,普陀山,47
C1526,影视娱乐,325
C1526,恐龙,118
C1526,购物,48
C1527,战舰少女,30
C1527,大话西游2,24
C1527,签证 在职证明,20
C1527,玛莎拉蒂,18
C1527,长沙保卫战,17
C1527,月浦中学,16
C1527,旅游景点,8
C1529,新ds5,12
C1529,铜牌,4
C1529,华为720e,3
C1529,百度大厦,3
C1529,QQ,2
C1529,adidas,2
C1530,服饰,182
C1530,电话亭,63
C1530,宠物,60
C1531,花臂纹身,187
C1531,全臂花旦图,81
C1531,真人秀,65
C1531,象神纹身,34
C1531,还田机铡草机,33
C1531,黄晓明,30
C1531,甜高粱乙醇,22
C1532,手机数码,373
C1532,鱼,179
C1532,倪妮,101
C1532,母婴亲子,57
C1533,娱乐新闻,22
C1533,桑塔纳两厢版,13
C1533,环保时装秀,12
C1536,玥然防晒霜,180
C1536,胰腺解剖,47
C1536,影视娱乐,42
C1542,建党94周年,10
C1542,礼服,8
C1542,邮政储蓄银行,7
C1542,中国结 编法,5
C1542,麻辣烫菜谱,5
C1542,申银万国证券,4
C1542,餐饮,3
C1547,斗牛犬,62
C1547,普拉达男包,29
C1547,中国女明星,25
C1547,牛欣欣,23
C1547,刘亦菲,19
C1550,宠物,137
C1550,蛋糕店,99
C1556,八卦娱乐,84
C1556,道路交通,54
C1560,兰亭序真迹,47
C1560,小吃,42
C1560,九亭家园,36
C1562,影视娱乐,101
C1562,粘土,74
C1565,明锐rs改装,142
C1565,佛秀,132
C1565,八卦娱乐,69
C1566,银川,82
C1566,影视娱乐,80
C1567,深证指数,109
C1567,汤臣一品,48
C1567,拔火罐,40
C1567,健身,32
C1567,MacBook,24
C1567,英雄联盟,22
C1568,健身体育,55
C1568,余声比基尼,40
C1571,银行,72
C1571,影视娱乐,64
C1571,儿童画,59
C1571,家居装潢,44
C1572,贾静雯,30
C1572,中通快递,29
C1572,浙江乐清电厂,14
C1572,维修厂,6
C1572,大众汽车suv,4
C1572,停车场,4
C1573,影视娱乐,193
C1573,理发店,131
C1573,家居装潢,105
C1573,朗姿股份,88
C1573,白灵,65
C1575,大熊猫简笔画,85
C1575,麻将,19
C1575,跑车,18
C1575,aj6,14
C1575,美国队长,11
C1576,母婴亲子,102
C1576,背头,47
C1577,工资条,82
C1577,手工,49
C1577,医疗健康,47
C1577,家居装潢,45
C1577,世界之谜,40
C1578,王烁,62
C1578,钻戒,33
C1580,泳衣,54
C1580,母婴亲子,41
C1587,宾馆酒店,194
C1587,雪国列车海报,52
C1587,影视娱乐,46
C1587,理发店,42
C1587,八卦娱乐,39
C1595,道路交通,124
C1595,影视娱乐,49
C1595,地铁站,41
C1596,家居装潢,116
C1596,园林,84
C1596,时尚潮流,56
C1599,影视娱乐,94
C1599,恐龙,89
C1601,理发店,189
C1601,朱子岩,149
C1601,影视娱乐,140
C1601,新垣结衣,86
C1602,道路交通,73
C1602,婚庆,48
C1604,影视娱乐,136
C1604,新款旗袍裙,103
C1604,布加迪威龙,85
C1604,月亮湾度假村,66
C1605,婴儿,85
C1605,海洋动物,84
C1607,渔民,15
C1607,施华洛世奇,11
C1607,阿隆索女球迷,10
C1608,影视娱乐,59
C1608,八卦娱乐,43
C1609,王珞丹,25
C1609,电饼铛,6
C1609,股票行情,6
C1609,太平天国,6
C1610,影视娱乐,87
C1610,天字罐,79
C1612,纱窗安装,42
C1612,过膝袜,39
C1614,购物,88
C1614,紫悦公主,54
C1614,园林,47
C1615,漫画,222
C1615,暹罗猫,28
C1615,港澳台通道,27
C1616,新海,63
C1616,缤智,62
C1616,影视娱乐,42
C1617,背面雕花椅子清代,44
C1617,lovelive蓝纱,19
C1617,罗海琼,10
C1617,证券,8
C1617,手机感应器,6
C1618,洪诚阳,209
C1618,钢笔画,83
C1619,朴敏英,25
C1619,曲杆,24
C1620,医疗健康,28
C1620,曹安澜,23
C1620,旧货市场,21
C1620,卡通动漫,20
C1620,卡通动漫,18
C1621,卡通动漫,156
C1621,蔗糖分子结构,64
C1621,八卦娱乐,61
C1622,美食,28
C1622,美食,13
C1622,美食,13
C1622,七一一研究所,11
C1623,房子装修,46
C1623,藤兮,22
C1623,来不及说我爱你,22
C1623,中国移动营业厅,22
C1624,华为p8,12
C1624,高透玻璃,11
C1624,古玩市场,11
C1624,首饰,10
C1625,影视娱乐,62
C1625,理发店,44
C1631,劲霸男装,153
C1631,阳台装修,75
C1631,幻想乡乐园化计划17,53
C1631,本田金翼,46
C1631,阳台升降晾衣架,27
C1631,清康熙青花瓷,27
C1632,理发店,64
C1632,离岸流,49
C1633,徐子淇,210
C1633,婚纱摄影,100
C1633,影视娱乐,42
C1634,家电,71
C1634,驷马绑缚,62
C1634,奢侈品牌,50
C1634,家居装潢,49
C1634,风能热水器,42
C1634,饮食,38
C1634,影视娱乐,36
C1636,汽车维修点,112
C1636,鬼异,60
C1636,电玩城,57
C1636,加油站,51
C1636,嬉戏谷,47
C1636,套脖礼服,39
C1637,旅游,77
C1637,绘画,43
C1639,家居装潢,282
C1639,华为荣耀6plus,22
C1639,美发,17
C1639,童装店,16
C1639,瑜伽,12
C1639,冰激淋,12
C1641,理发店,87
C1641,简笔画,71
C1642,老重庆图片,26
C1642,美发,25
C1642,旅游景点,14
C1642,杭州西溪湿地,11
C1643,购物,117
C1643,影视娱乐,48
C1643,伊能静,38
C1643,黑岩射手,37
C1644,安哥拉长毛垂耳兔,129
C1644,助动车,60
C1644,别克凯越,51
C1644,健身,35
C1644,福州路杏花楼,28
C1644,张国荣,25
C1644,卡地亚戒指,22
C1645,阿兰,7
C1645,眼影,7
C1645,孔雀妆,6
C1646,吴世勋,159
C1646,家居装潢,46
C1647,家居装潢,38
C1647,米兰时装周,31
C1647,徐汇区业余大学,20
C1648,园林,65
C1648,影视娱乐,63
C1648,五菱征程,54
C1649,影视娱乐,207
C1649,三轮车,56
C1649,车,36
C1653,中华邮政,23
C1653,卡通动漫,17
C1653,移动营业厅,14
C1653,中关村,11
C1654,八卦娱乐,115
C1654,卡通动漫,58
C1655,许晴,144
C1655,手工,140
C1655,家居装潢,130
C1655,购物,82
C1655,连衣裙夏装,74
C1655,盆栽,69
C1655,影视娱乐,36
C1657,美发,22
C1657,美发,21
C1657,卧室设计,13
C1657,飞机平面图,13
C1657,银行,10
C1659,靖西县,112
C1659,岳圩镇,98
C1659,家居装潢,44
C1659,医疗健康,37
C1660,汉兰达改装,70
C1660,手机数码,58
C1660,道路交通,39
C1661,盆景,13
C1661,白玉兰花,12
C1661,龋齿,12
C1662,温宜公主,41
C1662,短发发型,23
C1663,天线宝宝,13
C1663,新浪紫萱,12
C1663,水果拼盘,2
C1663,爱情小说,2
C1664,剪纸,44
C1664,星期八小镇,35
C1664,维修厂,24
C1664,陈乔恩,21
C1664,霍建华,21
C1665,莲花南路和江川路,42
C1665,郑爽井柏然,28
C1665,马桥万科城,24
C1666,马甲线,35
C1666,宝莱纳,33
C1666,车祸,28
C1666,1933老场坊,27
C1667,影视娱乐,95
C1667,吉泽明步,67
C1668,家居装潢,168
C1668,购物,109
C1668,影视娱乐,45
C1668,葛均波,36
C1669,银行,47
C1669,万物理论,36
C1670,上海迪士尼,65
C1670,许雅钧,55
C1670,义卖,55
C1670,朱圣依,47
C1673,家居装潢,141
C1673,手机数码,51
C1674,手机数码,64
C1674,园林,49
C1674,夏洛克福尔摩斯,42
C1674,绩溪博物馆,40
C1675,旅游,31
C1675,别墅设计,17
C1675,虹桥南丰城,11
C1676,宾馆酒店,122
C1676,龙,52
C1677,婚纱摄影,67
C1677,医学摄影,40
C1677,奥迪a3,39
C1677,影视娱乐,38
C1678,火星,109
C1678,八卦娱乐,79
C1678,时尚潮流,59
C1678,地铁站,55
C1678,卡通动漫,49
C1678,理发店,43
C1678,家居装潢,42
C1679,婚纱摄影,163
C1679,宠物,71
C1679,八卦娱乐,54
C1679,影视娱乐,41
C1679,桑拿按摩会所,36
C1680,亨德拉·塞蒂亚万,15
C1680,金阳路366弄,5
C1680,银春路800号,4
C1681,宠物,156
C1681,影视娱乐,50
C1681,聋五,48
C1681,美甲,36
C1682,家居装潢,52
C1682,理发店,47
C1682,影视娱乐,45
C1683,玄彬,95
C1683,北极星弹弓,43
C1686,理发店,104
C1686,魔天记,42
C1686,美甲,39
C1687,万用表使用方法,188
C1687,变电站,50
C1687,超能陆战队,38
C1687,冯绍峰,36
C1687,马思纯,28
C1687,桑仁,24
C1687,周润发,23
C1687,polo老款两厢改装车,21
C1688,影视娱乐,105
C1688,家居装潢,38
C1689,影视娱乐,173
C1689,电动轿车,127
C1689,别克昂科拉,53
C1690,跟腱断裂,182
C1690,影视娱乐,158
C1690,理发店,45
C1691,中通快递,29
C1691,伊利丹,26
C1691,浙江乐清电厂,14
C1691,医疗健康,11
C1692,影视娱乐,94
C1692,吊顶钢丝,49
C1692,风筝,49
C1694,影视娱乐,105
C1694,婚纱摄影,61
C1696,休闲娱乐,174
C1696,足疗洗浴,163
C1696,学校,92
C1696,程璧,43
C1696,上海自然博物馆,36
C1697,潘迎紫,54
C1697,舒马赫,52
C1700,动漫,44
C1700,黑板报,24
C1703,宠物,27
C1703,自行车,16
C1703,美食,15
C1703,美发,12
C1704,特斯拉model x,134
C1704,舞蹈,79
C1704,夏天七分裤,34
C1704,风衣照片,31
C1704,齐肩短发,24
C1704,梁洛施,22
C1706,购物,205
C1706,影视娱乐,52
C1706,手工,38
C1708,交通标识牌图解,44
C1708,陈学冬,42
C1708,张翰古力娜扎,31
C1709,无锡硕放工业园区,21
C1709,外高桥德尔福产品,20
C1709,和谐号,18
C1709,诺基亚822,17
C1709,上海虹口人才服务中心,15
C1709,旅馆,4
C1712,上海日月光,120
C1712,外滩,25
C1712,微信,21
C1713,蔡诗芸,96
C1713,人参果,18
C1713,后宫,17
C1713,光大银行ATM机,17
C1713,暗黑3虹光,14
C1713,端午节挂件,13
C1713,加气站,5
C1713,装载机,3
C1715,影视娱乐,200
C1715,卡通动漫,136
C1715,红豆杉盆景,52
C1715,家电,51
C1715,解罗衫,50
C1717,江青,82
C1717,象形文字对照表,46
C1717,蓝洁瑛,43
C1717,野结衣,42
C1717,宁财神z,37
C1719,卡通动漫,33
C1719,城大建材杨浦店,24
C1719,萨摩耶,23
C1719,甜品,17
C1719,面包房,5
C1722,理发店,101
C1722,凯撒琳,79
C1722,医疗健康,69
C1723,影视娱乐,67
C1723,鲜花店,45
C1724,宠物,56
C1724,理发店,55
C1724,影视娱乐,36
C1725,冬日那,85
C1725,蓝色妖姬,26
C1725,新款江淮轻卡,16
C1725,郭美美,7
C1725,酒吧,7
C1725,九尾狐,7
C1728,家居装潢,72
C1728,宠物,66
C1729,理发店,206
C1729,卡通动漫,181
C1729,尹贞伊,47
C1729,候德昌,38
C1730,汉武帝,19
C1730,奥迪a9,14
C1730,学校,14
C1730,眼镜,12
C1730,美发,11
C1735,王思佳,100
C1735,林心如,48
C1735,李玲玉,23
C1750,米兰式铠甲,89
C1750,泰迪熊,31
C1750,qq,29
C1750,细叶铁,28
C1750,男生直刘海,24
C1751,故宫,219
C1751,血龙木手串,52
C1751,动漫,29
C1751,沉香木手串,23
C1753,海啸照片,326
C1753,乐语通讯,17
C1753,牛排自助餐,11
C1753,动漫,10
C1756,男士发型,44
C1756,小米note,33
C1758,盆栽,47
C1758,美甲,38
C1761,电影院,57
C1761,无限梦比优斯,56
C1761,减龄装扮,39
C1762,美妆,37
C1762,娱乐新闻,34
C1762,卡通动漫,25
C1770,墨迹天气界面,43
C1770,手机数码,40
C1771,影视娱乐,128
C1771,餐厅,55
C1772,孕星线,66
C1772,时尚潮流,65
C1772,闯关上梁山最露,43
C1772,家居装潢,39
C1775,螃蟹,16
C1775,轮胎,16
C1775,一路向西,9
C1775,江边烤鱼,2
C1775,长风公园,2
C1775,百度云,2
C1775,打印店,1
C1775,上海电力,1
C1776,朱依纯,152
C1776,超能陆战队,47
C1776,沉默的羔羊,34
C1776,内燃机车,26
C1776,杨幂,25
C1776,汪可盈,22
C1781,我真的受伤了吉他谱,79
C1781,乌丸幸斗,62
C1781,健身,43
C1781,兔唇,31
C1781,立信食堂,26
C1782,比熊犬,101
C1782,简约壁纸,49
C1782,拍照姿势大全,21
C1787,美甲,258
C1787,影视娱乐,48
C1789,理发店,121
C1789,影视娱乐,41
C1790,宠物,86
C1790,理发店,43
C1790,影视娱乐,42
C1790,过道装修,39
C1792,卡通动漫,69
C1792,报刊杂志,43
C1801,美食,54
C1801,青金石日月星辰,21
C1804,北京欢乐谷,58
C1804,理发店,52
C1805,影视娱乐,231
C1805,七龙珠,80
C1806,剪力墙,48
C1806,上海石化,30
C1806,欧尚,23
C1808,体育健身,36
C1808,卡地亚,19
C1808,美妆,18
C1810,天台门,76
C1810,影视娱乐,51
C1810,购物,40
C1810,火锅店,38
C1811,圆形图案,39
C1811,蝙蝠纹样,35
C1811,法式美甲,28
C1811,米兰达可儿,28
C1811,甜馨,27
C1811,孙俪,27
C1811,陈慧珊,27
C1811,六道鸣人,25
C1813,药店,25
C1813,定损中心,20
C1813,卡通动漫,16
C1814,当代艺术博物馆,62
C1814,好溪,52
C1815,奥莉,103
C1815,防腐木葡萄架,60
C1816,傲之追猎者,106
C1816,伊一,56
C1816,lol人物,26
C1817,宠物,137
C1817,影视娱乐,55
C1817,理发店,36
C1818,杨幂,42
C1818,保时捷,41
C1818,赵一曼,37
C1818,老巫婆,25
C1818,韩安冉,23
C1818,卡通蛇,22
C1819,ktv,89
C1819,谊华大厦,16
C1819,无锡荡口古镇,16
C1819,药店,13
C1820,娃哈哈,710
C1820,舰娘,29
C1821,吴秀波,61
C1821,电影院,46
C1823,避风塘,17
C1823,银行,6
C1823,理发店,6
C1823,常熟路地铁站,5
C1823,盗墓笔记,2
C1823,上海观光车,2
C1824,影视娱乐,78
C1824,花园,50
C1824,家居装潢,40
C1825,呗先生,41
C1825,云雀恭弥,38
C1826,日本茶道,88
C1826,雪宝山国家森林公园,44
C1826,龙华医院,34
C1826,刘昊然,27
C1827,耿文秀,56
C1827,影视娱乐,56
C1828,家居装潢,356
C1828,卡通动漫,60
C1828,公交站,46
C1828,影视娱乐,43
C1829,手机,29
C1829,重庆第一高楼,22
C1829,美发,19
C1829,酒店,19
C1830,黄可,105
C1830,卡通动漫,82
C1830,姚贝娜,38
C1830,龚玥菲,36
C1831,八卦娱乐,78
C1831,购物,75
C1831,幼儿园,55
C1831,卡宏鼓,39
C1832,美甲,109
C1832,沉珂,93
C1832,健身体育,66
C1832,影视娱乐,58
C1832,花园,45
C1833,美甲,28
C1833,三宅一生,17
C1833,浮世绘,13
C1834,地砖效果图,84
C1834,家有好面,39
C1834,angelababy,31
C1834,中式装修效果图,29
C1834,上海影视城,29
C1834,刘馨予,24
C1834,迪拜风景,24
C1834,美杜莎纹身,22
C1834,俞祖声,21
C1835,美发,29
C1835,林肯mkz,24
C1835,家居装潢,20
C1836,刘浩泉,35
C1836,世博馆,34
C1836,雪梨,28
C1836,汽车塑料零部件,27
C1836,梨,24
C1837,俏江南,308
C1837,格格屋,100
C1837,白龙千寻,40
C1838,三亚贵妃芒果,88
C1838,钢手,43
C1838,崔始源组合成员,39
C1839,纪梵希衬衫,327
C1839,电影院,57
C1840,八卦娱乐,115
C1840,影视娱乐,64
C1840,购物,41
C1840,道路交通,40
C1840,萨达姆,39
C1840,黄可,37
C1841,电影院,46
C1841,影视娱乐,44
C1842,香烟,23
C1842,宠物,21
C1842,众泰汽车z700,16
C1842,美发,16
C1842,医疗健康,10
C1843,牙神经,28
C1843,帕萨特至尊版2.0,7
C1843,闵行区碧江路,4
C1843,上海世博展览馆,4
C1843,第九人民医院,3
C1843,青岛旅游,3
C1843,营业厅,2
C1843,生活服务,2
C1844,白色蕾丝半身裙,43
C1844,湖畔天下,30
C1844,红斑狼疮,13
C1844,陈若仪,10
C1844,足球场,6
C1844,徐翔,6
C1845,宾馆酒店,80
C1845,方敏雅,47
C1846,卡丁车,67
C1846,理发店,64
C1847,左小青,57
C1847,杨幂,44
C1847,王志才,23
C1847,安吉丽娜朱莉,21
C1848,地铁站,61
C1848,塞舌尔,49
C1849,姑苏行简谱,42
C1849,吉普车,25
C1849,象人族,24
C1849,乔治王子,23
C1849,独角兽粘土作品,21
C1850,影视娱乐,247
C1850,舒淇,211
C1850,扳机指,80
C1850,电影院,79
C1850,江青,56
C1850,斯嘉丽约翰逊,47
C1850,吴聊聊,37
C1851,贾乃亮,508
C1851,陈乔恩,45
C1851,木制狗窝,45
C1851,室外狗屋设计图,41
C1851,炭精条建筑素描,30
C1851,春城香烟,24
C1853,影视娱乐,106
C1853,伊藤优衣,99
C1853,手工,45
C1854,城管,59
C1854,茶艺师,36
C1856,宠物,14
C1856,家居装潢,13
C1856,健身房,13
C1857,防弹少年团,42
C1857,影视娱乐,41
C1857,吴昌硕山水画,36
C1863,附近酒吧,242
C1863,克洛泽,47
C1871,黄怡韵,80
C1871,鱼骨庙,27
C1871,花儿与少年第二季,21
C1873,宋氏三姐妹,48
C1873,谭玉龄,48
C1873,银行,33
C1873,杨幂,27
C1873,中关村,22
C1874,宠物,122
C1874,江淮瑞风s3,49
C1876,公园,98
C1876,景点,89
C1876,索尼z3,55
C1879,闺蜜,126
C1879,手工,106
C1879,宾馆酒店,96
C1879,影视娱乐,77
C1879,妊娠线,57
C1879,家居装潢,41
C1883,蛋糕店,110
C1883,影视娱乐,104
C1884,lv皮带,44
C1884,林肯mkz,22
C1884,李成敏,9
C1884,幼齿,8
C1884,杜高犬,7
C1884,何傲儿,6
C1884,昆凌,6
C1885,家居装潢,156
C1885,哈士奇,105
C1885,家具装潢,90
C1885,卡通动漫,71
C1885,道路交通,68
C1885,婚纱摄影,39
C1890,周庄古镇,51
C1890,名片设计,28
C1890,家具,19
C1892,购物,148
C1892,医疗健康,100
C1892,宠物,79
C1892,服装搭配,57
C1892,海带,41
C1892,母婴亲子,41
C1893,宠物,154
C1893,家居装潢,75
C1893,家电,51
C1893,卡卡西,50
C1893,秃鹰,46
C1900,口腔结构,42
C1900,郑秀晶,24
C1901,六一童装网,9
C1901,上海景点,6
C1901,短发发型,5
C1901,奥特莱斯,5
C1901,微信,2
C1901,租房,1
C1902,根管治疗图谱,46
C1902,燕窝,19
C1902,集装箱堆高机,18
C1902,上海律师排名,4
C1902,马自达睿翼,4
C1903,珠子手链,241
C1903,家居装潢,65
C1907,影视娱乐,78
C1907,百岁山,56
C1909,卡通动漫,166
C1909,八卦娱乐,152
C1910,咖喱炒饭,207
C1910,林熙蕾,30
C1910,张震,13
C1910,Uber,12
C1910,复仇者联盟2,12
C1914,钓鱼,19
C1914,橡皮泥作品,11
C1914,110警车,9
C1914,旅社,6
C1914,盘发发型,4
C1914,笑傲江湖,3
C1923,雷丘,78
C1923,影视娱乐,49
C1923,木乃伊,36
C1924,郑爽,87
C1924,李侑菲,27
C1924,小罗伯特唐尼,24
C1926,理发店,64
C1926,杰森斯坦森,43
C1927,外贸店,59
C1927,橘梨纱,48
C1927,中药材大全,44
C1927,菩提子,42
C1927,园际路838,30
C1927,轩辕夏禹剑,30
C1927,花臂,26
C1927,博物馆,22
C1928,家居装潢,137
C1928,木工刨子,85
C1928,殷桃,59
C1930,牧童之谎,51
C1930,沪c牌照,40
C1930,桐乡稻香人家度假村,22
C1930,苏浙汇,22
C1930,风信子,18
C1930,腹肌,15
C1930,国际快递,6
C1932,奔驰cla200,65
C1932,蛋糕店,49
C1933,购物,590
C1933,八卦娱乐,38
C1934,影视娱乐,139
C1934,卡通动漫,134
C1934,袁嘉敏,61
C1935,钻戒,26
C1935,家居装潢,25
C1935,qq,13
C1935,银行,13
C1937,理发店,48
C1937,道路交通,43
C1937,家居装潢,43
C1937,赞佩里尼,39
C1939,园林,91
C1939,简笔画,82
C1939,过滤净水器,69
C1939,钟会,47
C1939,劳务公司,37
C1945,购物,40
C1945,时装秀,36
C1946,影视娱乐,177
C1946,道路交通,97
C1946,饮食,38
C1947,火影忍者,135
C1947,火影忍者,135
C1947,八卦娱乐,57
C1947,三星s4,57
C1947,黄鹤楼香烟,22
C1947,自行车儿童坐垫,11
C1947,煤气罐爆炸,7
C1951,手工,97
C1951,手机数码,83
C1951,婚纱摄影,68
C1951,超市,61
C1953,家居装潢,43
C1953,常州恐龙园,18
C1953,香烟,12
C1953,股民,10
C1954,ktv,98
C1954,首饰,29
C1954,小米,29
C1954,长城h6,22
C1954,美发,11
C1955,纹身,51
C1955,玛莎拉蒂,20
C1955,秦皇岛,19
C1955,张馨予,17
C1955,苏志燮,15
C1955,松江竹筷子,7
C1955,庙前街,6
C1959,德州扑克桌,15
C1959,周兴哲,4
C1959,奉贤,3
C1959,广汽gs4,2
C1960,中山陵,65
C1960,新加坡叻沙,44
C1960,手控,32
C1960,陈静仪,23
C1960,紫金山,22
C1960,南京紫金山天文台,22
C1960,歌诗图2015款,22
C1961,卡通动漫,1023
C1961,影视娱乐,245
C1961,美发,56
C1961,西藏,54
C1961,足球,49
C1965,母亲节活动主题,11
C1965,张茜,6
C1965,海航专线,5
C1965,李多海,4
C1965,搜搜,4
C1965,河间驴肉火烧,4
C1965,水仙茶叶,3
C1967,别墅,21
C1967,地热安装,20
C1967,上海海运集团,19
C1967,交行信用卡,10
C1968,欧式挂画,56
C1968,风景速写,51
C1968,疾病,46
C1969,粽子包法,32
C1969,卡通动漫,24
C1969,北汽幻速s6,19
C1969,卡通动漫,18
C1969,卡通动漫,16
C2547,莘庄,37
C2547,小蚕宝宝,18
C2547,莘庄到曹阳路,17
C2547,八卦图解析,11
C2694,gucci女士钱包,58
C2694,mk杀手包,28
C2694,小孩水痘症状,24
C2694,上海钓鱼的地方,14
C2694,皇玺酒家,13
C2735,耳前瘘管,16
C2735,上海,15
C2735,支原体肺炎,11
C2735,华尔街,11
C2836,中海地产,112
C2836,中海地产,112
C2836,北京景点,36
C2836,北京景点,36
C2836,商道图片,26
C2836,大连超越足球俱乐部,26
C2836,希森美康医用电子（上海）有限公司,25
C2836,惠普笔记本,18
C2886,克夫鼻,102
C2886,松江有轨电车,53
C2886,钓鱼笑话,37
C2886,卢球假日酒店,23
C2886,松江有轨电车,22
C2886,防晒霜,20
C2887,杨幂,11
C2887,荨麻疹,10
C2887,上海市,6
C2887,鑫海汇,5
C2887,上海钓鱼,5
C2887,白莲,5
C2887,幸运召唤师,5
C2888,高桥松饼,17
C2888,震旦外国语中学,13
C2888,股票,6
C2888,阿拉斯加犬,6
C3030,沉与浮,52
C3030,篝火晚会,26
C3030,尕金乐队,17
C3030,黄有龙,16
C3030,上海地铁,15
C3030,特警力量,9
C3031,耐克女鞋,64
C3031,平台整理,19
C3031,工行atm,10
C3036,上海市,7
C3036,嘉寓股份,6
C3036,La Petite Fontaine,4
C3036,四号线,4
C3036,医院,3
C3036,厕所,3
C3038,cbr300r黑色,61
C3038,秀智街拍,51
C3038,上海,13
C3038,王菲2015街拍,12
C3038,中国工商银行,11
C3038,飞利浦照明,7
C3039,英雄联盟,27
C3039,城大建材,24
C3039,宝马,11
C3073,泰晤士小镇,24
C3073,旅游,15
C3073,银行,11
C3073,宠物,10
C3074,中国保安图,48
C3074,华为X2,21
C3074,qq,21
C3075,小叶紫檀把件,19
C3075,仙道彰,19
C3075,华为mate7,18
C3075,仙道彰,16
C3075,qq,12
C3078,保罗沃克,18
C3078,摆球钟,15
C3078,金明洙机场,10
C3078,上海市地铁线路图,9
C3078,包头路/殷行路(路口),7
C3089,家居装潢,41
C3089,亚索壁纸,41
C3089,幼儿园,38
C3089,幼儿园,38
C3089,周焯华,27
C3089,旋转式灯箱,11
C3092,李晨陈思成,85
C3092,白茶作品,29
C3092,轩辕靖日,13
C3092,上海银行,12
C3092,特斯拉,11
C3117,安波路265弄,11
C3117,圣母玛利亚,9
C3117,地铁站,8
C3117,卡通动漫,7
C3117,劳斯莱斯,6
C3117,汶水路,5
C3129,小清新地毯,10
C3129,百度大厦,7
C3129,12306,5
C3129,窗帘布艺,5
C3129,漕河泾万丽酒店,3
C3159,卡通动漫,26
C3159,八角风筝,13
C3159,卡通动漫,10
C3159,绘画,10
C3277,弗里达卡罗,40
C3277,客厅装修,33
C3277,白羊座图片,23
C3277,上海市,17
C3277,好莱坞男星,15
C3278,陆家嘴自助餐,46
C3278,木槿花图片,27
C3278,武汉端午节习俗,17
C3278,望京韩国城,17
C3278,中式装修,11
C3279,江华机电大楼,25
C3279,家居装潢,16
C3279,维修厂,13
C3279,仁恒西郊花园,10
C3280,艾草,33
C3280,漏电接线,32
C3280,卡通动漫,28
C3280,体育健身,14
C3280,家居装潢,13
C3319,美容护肤,68
C3319,健身,15
C3319,海底捞火锅,7
C3323,反浩克,81
C3323,癌症,74
C3323,时尚潮流,51
C3399,购物,79
C3399,考试,15
C3399,餐厅,14
C3405,游族网络,9
C3405,上海市,6
C3405,上海国际旅行社,5
C3405,宣化路299弄3号,5
C3405,凡高的向日葵,4
C3405,漕溪北路595号,4
C3405,辩护人,3
C3406,田源,19
C3406,C罗,18
C3406,许玮甯,11
C3406,青年旅社,9
C3406,母亲节,8
C3408,吕永中,17
C3408,宝莲城,8
C3408,亚洲219p,5
C3408,地铁站,5
C3408,上海市,5
C3408,涞寅路,5
C3408,虹桥,3
C4038,车,139
C4038,四合院,31
C4038,尼坤宋茜,16
C4038,屈氏韧带,9
C4038,资生堂洗发水,9
C4038,华北制药股价,8
C4331,卡通动漫,24
C4331,疾病,20
C4331,孙桥现代农业园,13
C4331,政治新闻,6
C4581,华山医院,8
C4581,酒店,6
C4581,化疗,2
C5063,男生短发发型,45
C5063,权志龙aj6,31
C5063,创意儿童画,26
C5063,余文乐发型,19
C5063,全民枪战,16
C5262,比利时进口地毯,94
C5262,上海极乐汤,9
C5262,马兴田,7
C5349,卧室灯具效果图,73
C5349,苹果7概念机,33
C5349,商场招牌,24
C5568,关之琳,79
C5568,丽江,78
C5568,宠物,74
C5568,鱼,71
C5568,影视娱乐,69
C5569,新西兰南岛,108
C5569,新西兰南岛,108
C5569,邵美麟,37
C5569,伊甸园之东英兰,36
C5569,伊甸园之东英兰,36
C5569,心动网络,18
C5569,移动营业厅,17
C5569,上海夜总会,16
C5571,绿彩犀皮漆器,70
C5571,翡翠珠子,57
C5571,时尚潮流,51
C5571,影视娱乐,36
C5579,上海,8
C5579,飞机场,7
C5579,携程客服,7
C5579,福州邮编,6
C5579,森女系服装,6
C5592,核电项目,79
C5592,肝的位置,32
C5592,核电项,24
C5610,邓紫棋,44
C5610,叶林富,14
C5610,南汇酒吧,11
C5610,godiva店,8
C5610,哈根达斯,7
C5610,美团网,6
C5610,上海chanel专柜,6
C5610,蛇肉,6
C5610,振鑫花园2期,4
C5618,医疗健康,149
C5618,哆啦a梦伴我同行,51
C5618,银行,42
C5622,男生直发发型,416
C5622,田子坊,31
C5622,漫画,23
C5622,音韵公主,23
C5702,羽生结弦,116
C5702,张衡路1999号,19
C5702,大众汽车故障,12
C5702,药店,10
C5702,大宁灵石公园,6
C5702,紫竹国际大厦,3
C5703,药店,23
C5703,美食,22
C5703,莫扎特,16
C5703,浦发,13
C5704,购物,85
C5704,购物,37
C5704,天气预报,35
C5704,闵行建材市场,19
C5704,家居装潢,12
C5704,美发,10
C5705,小香猪,17
C5705,无房证明,17
C5705,会展中心,9
C5705,龙阳路机场五线,4
C5705,交通银行上海第一分行,4
C5705,郑州高铁,3
C5705,上海外滩美食,2
C5705,上海自行车租赁,2
C5710,苹果6plus,27
C5710,医疗健康,15
C5710,超市,13
C5710,癌症,11
C5711,柯南,19
C5711,苹果6,16
C5711,微波炉,14
C5712,名爵gs,35
C5712,发型,23
C5712,美食,10
C5712,711便利店,9
C5712,世纪联华,7
C5712,医院,7
C5712,虹桥万豪酒店,4
C5716,旭辉城,108
C5716,上海旭辉城,108
C5716,摩托车,102
C5716,摩托车,102
C5716,王俊凯,45
C5716,杭州张小泉,26
C5722,宝格丽,6
C5722,摩托车,6
C5722,嘉定北地铁站,5
C5722,申华小学,5
C5722,上海中药房,4
C5723,暴风科技股票,11
C5723,肚皮舞,7
C5723,婚纱照,6
C5724,道奇酷威,33
C5724,吴江路美食街,19
C5724,南京大牌档,18
C5724,王菁,15
C5724,望湘园,13
C5725,杰瑞米雷纳,8
C5725,周黑鸭,4
C5725,田子坊,4
C5725,上海野钓地点,3
C5725,品尊国际,2
C5725,静安寺,1
C5725,鹰眼的外号,1
c5726,中国最新战机,173
c5726,暴走漫画,21
c5726,铜仁地图,17
c5726,中国好闺蜜,13
c5726,面部护理,6
C5727,耐克女士运动鞋,52
C5727,黄琬婷,10
C5727,罗南新村地铁站,7
C5728,卡通动漫,159
C5728,地铁站,47
C5728,黄圣依,33
C5728,油画,14
C5728,下午茶,12
C5729,西葫芦种植,29
C5729,穹窿山景区,23
C5729,卡通动漫,19
C5729,伴郎服装,11
C5729,小吃,10
C5731,小吃,25
C5731,咽炎,24
C5731,香烟,21
C5732,商务车大全,104
C5732,午马,85
C5732,瑞特杜恩,33
C5732,台北中正纪念堂,13
C5732,朱兆祥,11
C5733,棉麻布包包,29
C5733,智能纽扣,25
C5733,盗墓笔记,7
C5733,郑歌平,6
C5734,龙俊亨,124
C5734,全家,53
C5734,angelababy,41
C5734,金桐俊,32
C5734,全家加盟,31
C5734,地铁规划图2020,28
C5734,新娘齐刘海,27
C5736,圆明园现状,17
C5736,沙发墙,13
C5736,复仇者联盟2,6
C5736,福特野马,6
C5736,健身,5
C5736,加油站,4
C5738,南京路步行街,8
C5738,范冰冰 李晨,8
C5738,齐刘海,5
C5738,发型,5
C5738,丹妮丝·理查兹,4
C5738,皇后的进阶之路,3
C5738,组合贷款,2
C5738,五险一金,1
C5739,深海巨型生物,31
C5739,孙悦,23
C5739,陈都灵,18
C5739,韩式美甲,15
C5740,短发,25
C5740,格致中学奉贤校区,9
C5740,真空包装压缩袋,7
C5740,印度河,6
C5742,饰品店,13
C5742,酷妆造型,7
C5742,短发,6
C5742,酒店,4
C5742,上海九百家居,3
C5742,华山医院,2
C5742,爱奇艺,2
C5749,购物,27
C5749,香烟,25
C5749,上海广达集团,21
C5749,上海期货公司,21
C5749,长安cs95,18
C5750,理发店,403
C5750,枇杷,323
C5750,鲜花店,63
C5750,加班,42
C5751,黑死病,118
C5751,布偶猫,44
C5751,丸子头,12
C5751,中国地图,11
C5752,围巾钩针图解,97
C5752,垂直过山车,43
C5752,极品崖柏手串,32
C5753,家居装潢,131
C5753,上海地图,30
C5753,购物,16
C5754,曾龙升,94
C5754,巴黎高等管理学院,47
C5755,申银万国,26
C5755,夏季美甲,11
C5755,卢湾高级中学,4
C5755,上海9号线,4
C5755,酒店,4
C5755,冷水机组,4
C5756,心形红碧玺吊坠,37
C5756,恶霸犬,30
C5756,时光,22
C5757,李钟硕,18
C5757,倍耐力,12
C5757,汤臣豪庭,5
C5757,钰龙集团,4
C5757,麦当劳,4
C5757,东莞证券,2
C5765,黄土高坡,60
C5765,家电,47
C5765,公园,39
C5766,克里斯·埃文斯,35
C5766,美国队长,6
C5766,上海新天地,6
C5766,微信,6
C5766,超市,6
C5766,虹桥机场,5
C5768,中国地图,28
C5768,动物,26
C5768,普陀山,25
C5770,中白工业园,34
C5770,环保时装秀,28
C5770,医疗健康,20
C5770,美发,20
C5770,宠物,11
C5771,医疗健康,31
C5771,高桥松饼,17
C5771,震旦外国语中学,13
C5771,宠物,10
C5772,美发,51
C5772,龙群度假村,14
C5772,更年期,14
C5772,更年期,10
C5773,美食,26
C5773,广发银行网点,6
C5773,上海动物园,4
C5773,苹果7,4
C5773,美发,3
C5775,安缦法云酒店,5
C5775,豫园,5
C5775,地铁站,5
C5775,上海火车票代售点,4
C5775,2015上海自行车展,3
C5777,朋克造型,28
C5777,美甲,26
C5777,药店,23
C5789,三级甲等医院,30
C5789,江苏省地图,23
C5791,徐汇区新华书店,4
C5791,田园风装修,4
C5791,英文,3
C5791,米芝莲,3
C5791,小吃,2
C5792,行棋无悔,38
C5792,玫瑰金珠宝手绘,19
C5792,牛仔裤,9
C5792,虹桥火车站,9
C5792,蒋玉铭,7
C5792,711便利店,7
C5792,恒鑫公寓,6
C5792,餐饮,6
C5793,登喜路打火机,50
C5793,冲田杏梨,27
C5793,新股民入市,16
C5793,巴布瑞香水,13
C5793,上海地铁,8
C5794,湖畔天下,17
C5794,张国荣,11
C5794,南浦大桥,7
C5794,除皱针,3
C5794,中国银行,2
C5794,小额信贷市场,2
C5794,金丰投资,2
C5794,嘉定楼盘,2
C5796,致爱丽丝简谱,37
C5796,华为p6,31
C5796,手指画,28
C5796,中山北路2605弄,15
C5796,细木工板,13
C5796,工商银行,11
C5796,橄榄手串,10
C5796,五粮液,8
C5796,牛仔裤,7
C5796,公寓酒店,6
C5797,地产广告,70
C5797,地产广告,28
C5797,苏宁电器,22
C5797,黄鳝,16
C5797,苏宁电器,16
C5797,三星s6,13
C5797,苏宁电器,11
C5797,龙兰路388弄,10
C5798,火星蟑螂,73
C5798,影视娱乐,42
C5798,御园,36
C5818,马克西姆,94
C5818,dior2015春夏时装秀,38
C5818,乐视超级手机,38
C5818,美乐家超市,29
C5818,袁嘉敏,28
C5818,上海中侨职业技术学院,27
C5818,上海震旦职业学院,26
C5818,洗衣柜,22
C5835,邓超孙俪,35
C5835,中国地图,29
C5835,蜜蜡,17
C5836,家居装潢,36
C5836,高铁座位分布图,10
C5836,杭州旅游景点,9
C5836,猎豹,7
C5837,长城h6,95
C5837,杨幂的孩子,40
C5837,快捷酒店,7
C5838,酒店,11
C5838,蜡笔小新,9
C5838,李易峰,8
C5838,中国地图,8
C5839,何莉秀,38
C5839,苏州大学附属儿童医院,38
C5839,宝马i8,25
C5839,虹桥火车站,15
C5840,郭碧婷,26
C5840,东洋刀,23
C5840,乐视手机,23
C5840,装修效果图,20
C5840,安徽中医学院,8
C5918,梁稳根,63
C5918,如家,23
C5918,周黑鸭,21
C5918,电动车车架,19
C5918,小吃快餐,10
C5918,名牌电动车,7
C5918,火车站,6
C5986,餐饮,13
C5986,家居装潢,8
C5986,地产小区,8
C5986,购物,8
C5986,骨肉瘤,7
C5986,农家乐,6
C5986,蛋糕甜点,5
C6055,龚玥菲,41
C6055,髋关节发育不良,40
C6154,发光logo,65
C6154,新天地,53
C6154,新天地,53
C6154,飞蛾,46
C6154,飞蛾,46
C6154,男孩发型,14
C6154,浦江影视基地,14
C6186,灭蝇灯,108
C6186,文眉秀眉,36
C6186,咖啡奶茶,33
C6186,11号线,24
C6203,周韦彤,35
C6203,李宁音速3,18
C6203,液晶显示接口,4
C6203,遗迹之海,2
C6203,网游之天下无双,2
C6203,上海城建,2
C6350,科莫多龙,74
C6350,奥尼尔儿子,70
C6350,特奥会,63
C6350,水乡,58
C6357,郑伊健,285
C6357,婚礼现场布置效果图,32
C6357,工厂车间照片,21
C6359,林允儿,52
C6359,徐贤,14
C6359,板房,10
C8001,宠物,81
C8001,影视娱乐,52
C8006,装修隔断效果图,64
C8006,鼻腔结构图,39
C8006,李晨,29
C8006,苦情痣,27
C8006,花岗岩背包,25
C8006,韩式发型,24
C8006,美发发型,23
C8006,社会保险参保证明,23
C8007,雪纳瑞,62
C8007,宠物,53
C8010,周边产品,28
C8010,杨幂,18
C8010,窗子,10
C8010,伊朗地图,9
C8011,戛纳电影节红毯,61
C8011,野马跑车,29
C8011,法斗幼犬,25
C8011,嘎纳电影节,23
C8015,公园,231
C8015,影视娱乐,50
C8015,道恩强森,49
C8015,裘丽琳,42
C8015,马云,37
C8016,寒山寺,48
C8016,梅花,35
C8016,max未来城,27
C8016,九五至尊香烟,22
C8017,邓紫棋,59
C8017,鸣人雏田,51
C8017,动漫,49
C8017,桌面壁纸,44
C8018,地球爆炸,79
C8018,花园,62
C8018,影视娱乐,50
C8019,服饰,28
C8019,旅游,24
C8019,资生堂,14
C8021,食肉鸟类,100
C8021,开瑞k50,94
C8021,家居装潢,52
C8023,星空,81
C8023,影视娱乐,57
C8025,影视娱乐,337
C8025,饮食,187
C8025,防震减灾黑板报,65
C8027,影视娱乐,75
C8027,宠物,59
C8029,罗梅罗,71
C8029,spa,38
C8034,家居装潢,152
C8034,影视娱乐,47
C8034,奔驰cla,36
C8043,纳智捷优6,76
C8043,影视娱乐,56
C8043,购物,55
C8045,影视娱乐,144
C8045,八卦娱乐,57
C8047,泰晤士小镇,52
C8047,理发店,41
C8048,影视娱乐,107
C8048,地弹簧门拉手,47
C8049,理发店,73
C8049,圆脸适合的发型,73
C8049,韩安冉,50
C8049,荣威350,44
C8049,荣威350,44
C8049,卡通,30
C8051,美发,76
C8051,钟丽燕,40
C8051,道路交通,38
C8051,西伯利亚,38
C8055,qq,36
C8055,孙佳君,34
C8055,林允儿,26
C8055,鞠婧祎,22
C8055,权侑莉,21
C8055,一元纪念币,21
C8056,嘉定虫草,32
C8056,嘉定燕窝,24
C8056,舟山,22
C8056,棕榈湾,14
C8056,客厅软包,13
C8056,公交车站,6
C8057,理发店,126
C8057,影视娱乐,56
C8057,维修厂,41
C8058,影视娱乐,180
C8058,创业,44
C8058,绘画,42
C8058,家居装潢,41
C8058,哆啦a梦,38
C8059,农村别墅,47
C8059,陆地巡洋舰,33
C8059,莎瓦娜,28
C8059,夜空中的星星,21
C8062,幼儿园,126
C8062,地铁站,96
C8062,花园,48
C8062,园林,37
C8063,诺曼福斯特,141
C8063,闪蓝翠鸟,25
C8063,林允儿,23
C8068,影视娱乐,168
C8068,西门子,37
C8069,健身,220
C8069,文斯卡特,36
C8069,南京银行,34
C8070,世娜,42
C8070,广州八胞胎,36
C8070,美甲,36
C8071,青龙,56
C8071,冷兵器,49
C8072,家居装潢,253
C8072,水晶鞋,10
C8072,上海地铁,10
C8073,静脉血栓,184
C8073,陆瓷,122
C8073,鹰眼,64
C8073,天台山,53
C8073,冰激淋,51
C8073,美容护肤,48
C8075,阿拉丁神灯,66
C8075,红领巾的系法,65
C8075,法国地图,62
C8075,棒约翰,30
C8075,澳洲淡水鳄,28
C8075,大连快轨,26
C8075,波斯,24
C8076,徐粲金,43
C8076,葛天,28
C8076,宋佳,24
C8076,郭碧婷,21
C8078,理发店,167
C8078,购物,98
C8079,成龙,84
C8079,蓝色连衣裙,65
C8079,李保田,32
C8079,晚托班,29
C8080,小米5,24
C8080,家居装潢,19
C8080,上海地铁,15
C8080,交通银行,12
C8081,注塑机,158
C8081,民族服,152
C8081,便利店,59
C8081,扎啤桶,46
C8082,道路交通,47
C8082,美甲,44
C8082,锁骨骨折,44
C8083,日本潮流男,65
C8083,U盘,14
C8083,酒店,14
C8083,家居装潢,12
C8084,内田有纪,37
C8084,绘画,36
C8085,长发发型,109
C8085,朝珠的穿法,46
C8085,温家宝,25
C8085,林晨钰,23
C8087,宠物,109
C8087,公交站,81
C8087,学校,80
C8087,医疗健康,47
C8087,移动营业厅,45
C8087,钟汉良,45
C8087,绵羊,44
C8087,绘画,42
C8090,家电,123
C8090,家居装潢,103
C8090,婚纱摄影,80
C8090,餐厅,53
C8090,卡通动漫,41
C8091,购物,110
C8091,吊盐水,108
C8093,鞋柜,22
C8093,整体橱柜,15
C8093,水手号邮轮,11
C8093,国外车体广告,11
C8094,70平米小户型设计图,80
C8094,鱼线的绑法图解,58
C8094,双南小户型设计图,27
C8094,雪野莉子,23
C8094,黄丽玲,15
C8094,马自达7座,14
C8095,美甲,23
C8095,泗泾镇 汉庭,17
C8095,上海地铁,15
C8095,绅宝d70,11
C8096,梁婖婷,43
C8096,学校,42
C8096,影视娱乐,38
C8097,饮食,139
C8097,购物,93
C8097,罗茜茜67,81
C8097,家居装潢,80
C8097,卡通动漫,70
C8097,影视娱乐,65
C8099,健身,86
C8099,蒲公英幼儿园,37
C8099,陈奕迅浮夸,35
C8099,裙下之臣,15
C8100,盘发发型,29
C8100,瑜伽,16
C8100,卫生间地砖,11
C8100,咖啡厅,9
C8100,三星,2
C8100,加油站,2
C8101,手工,131
C8101,布兰史塔克,51
C8101,整容,37
C8101,土著狩猎,37
C8102,光明新鲜屋,80
C8102,起亚k5,45
C8102,八卦娱乐,39
C8102,影视娱乐,37
C8106,八卦娱乐,186
C8106,数位板,58
C8107,豪车标志,101
C8107,影视娱乐,100
C8107,购物,60
C8107,帕奎奥,55
C8107,时尚潮流,47
C8107,宾馆酒店,36
C8107,宠物,36
C8115,百白何,4284
C8115,理发店,122
C8115,陆瓷,92
C8115,苏童,89
C8115,家居装潢,79
C8116,废纸盒手工制作大全,243
C8116,江苏地图,44
C8116,杨思敏,12
C8116,废纸,7
C8117,家居装潢,48
C8117,宠物,45
C8118,道路交通,64
C8118,宠物,45
C8118,漏电接线,40
C8119,云菲菲,65
C8119,iphone手机壁纸,17
C8119,型男发型,15
C8119,健身,10
C8119,东海森林公园,10
C8121,学校,94
C8121,影视娱乐,56
C8122,缪斯,54
C8122,手机数码,37
C8127,小型花园,69
C8127,长发编发发型,28
C8127,普提叶,22
C8127,林妙可,21
C8128,卡通动漫,75
C8128,健身体育,50
C8139,蛋糕店,107
C8139,边伯贤,35
C8139,五一武汉,25
C8139,母亲节儿童画,22
C8146,喻虹渊,62
C8146,刘亦菲,44
C8146,爱情,33
C8146,郭美美,28
C8149,小龙虾,70
C8149,欧式挂画,59
C8149,茶杯犬,24
C8150,帕莎眼镜,49
C8150,书法,22
C8151,购物狂漫画,68
C8151,整容照片,31
C8151,蝴蝶结系法,30
C8151,走私汽车,28
C8151,农行金卡,27
C8151,冯建妻子,26
C8151,牛栏山二锅头,26
C8151,餐厅灯,21
C8152,米兰世博会中国馆,22
C8152,上海小学入学登记表,14
C8152,农家乐,5
C8152,上证指数,4
C8152,格瓦拉,2
C8152,主卧室装修,2
C8153,全家,35
C8153,卡通动漫,28
C8153,q版黑子,22
C8153,杭州龙井,21
C8153,盘好的落地红,19
C8153,韩国美食,13
C8153,风之力,10
C8155,龙井茶,73
C8155,影视娱乐,44
C8155,上海水族馆,43
C8155,利智,36
C8156,六神合体,99
C8156,幸福,76
C8156,全景门窗,47
C8157,贝克汉姆,45
C8157,叶迎春,41
C8157,空客和波音,33
C8157,杜莎夫人蜡像馆,31
C8157,银仙,21
C8158,超市,72
C8158,飞机杯,44
C8158,道路交通,41
C8167,范迪塞尔,55
C8167,唐嫣,51
C8167,家庭装修图,39
C8167,赵丽颖,21
C8171,母婴亲子,107
C8171,卡通动漫,37
C8172,动漫,93
C8172,道德天尊,39
C8172,猛禽,17
C8172,德国金刚,9
C8173,影视娱乐,71
C8173,中华神,63
C8175,影视娱乐,125
C8175,凤眼菩提盘,73
C8177,旋转楼梯,116
C8177,手足口病,33
C8177,苹果7,18
C8177,曲婉婷,2
C8187,蔷薇花,43
C8187,k线图,34
C8187,国旗,23
C8190,孙艺珍,59
C8190,刘馨予,25
C8193,参军体检,202
C8193,男生芭蕾舞,35
C8193,林妙可,30
C8193,芭蕾舞男生,29
C8193,邱淑贞,26
C8193,人民网,24
C8193,耐克伦敦,22
C8194,影视娱乐,59
C8194,天钟山,55
C8194,购物,53
C8195,十大神秘生物,76
C8195,报纸版面设计,45
C8195,迷彩服,35
C8195,姜河那,33
C8195,名片设计,24
C8195,燃气助力车,24
C8195,皇家一号,22
C8195,天蛾人,21
C8198,马兰头,48
C8198,短发波波头,45
C8198,南通狼山风景区,25
C8198,奥迪豪车,16
C8198,上海古玩市场,8
C8200,李泽楷,40
C8200,孟小冬,23
C8201,车臣,60
C8201,沙漠车,24
C8204,孙俪,75
C8204,小别墅外观,55
C8204,汤唯,37
C8204,范冰冰,30
C8204,小别墅设计,29
C8204,郑媛媛,26
C8205,简笔画,61
C8205,影视娱乐,53
C8217,上海食品批发市场,73
C8217,林圣元,19
C8217,今晚80后脱口秀,13
C8217,加油站,3
C8218,申隆生态园,64
C8218,为她而战,15
C8218,火影同人,8
C8223,吊车,299
C8223,穿越火线新英雄武器,129
C8223,家居装潢,120
C8223,影视娱乐,62
C8223,盆栽,48
C8225,影视娱乐,83
C8225,八卦娱乐,59
C8225,盆栽,49
C8225,婚纱摄影,47
C8225,汶川地震,37
C8225,道路交通,36
C8227,土星冲日,96
C8227,詹姆斯豪车,48
C8228,阳朔,40
C8228,便利店,36
C8229,上海东方明珠,11
C8229,家居装潢,10
C8229,保罗赛特,10
C8229,医疗健康,10
C8230,纪欣伶,81
C8230,家居装潢,58
C8236,家电,205
C8236,影视娱乐,41
C8237,特大车祸,75
C8237,白凤菊,21
C8237,孕妇生活,20
C8237,林海 车祸,9
C8241,饮食,112
C8241,影视娱乐,54
C8243,美甲,69
C8243,新凯越,54
C8243,加油站,42
C8243,九眼天珠,40
C8244,杨幂,37
C8244,庄巧涵,37
C8244,招亲广告,35
C8244,新垣结衣,24
C8245,家居装潢,117
C8245,学校,83
C8245,空气压缩机,55
C8246,泳衣,79
C8246,影视娱乐,37
C8259,足疗洗浴,347
C8259,指压,50
C8259,停车场,45
C8259,加油站,44
C8274,道格拉斯·布斯,68
C8274,影视娱乐,46
C8275,影视娱乐,64
C8275,宠物,38
C8275,狼崽子,37
C8277,无限极标志,81
C8277,卡通动漫,55
C8280,家居装潢,43
C8280,恐怖,38
C8281,解语花,150
C8281,纪敏佳,43
C8281,左耳电影海报,28
C8281,范冰冰,26
C8281,奥特曼,25
C8281,lol刀妹,22
C8286,雷政富,194
C8286,菩提根,30
C8286,世界建筑,24
C8286,发型,21
C8287,手工,488
C8287,捕虾机,98
C8287,学校,81
C8290,影视娱乐,86
C8290,沪牌价格,42
C8294,史莱姆,70
C8294,美国直升机,41
C8294,南汇酒吧,31
C8294,周芷若,23
C8295,甄姬,40
C8295,保时捷cayman,37
C8298,智能纽扣,32
C8298,石头记手链,26
C8298,上海地铁,17
C8298,隔姜灸,12
C8299,angelababy礼服照,39
C8299,罗美薇,28
C8299,保罗沃克,28
C8299,速度与激情,28
C8299,黄轩,25
C8299,北京时间,23
C8301,最贵的烟,193
C8301,朴孝敏,32
C8301,最贵的车,24
C8304,迈克·泰森,115
C8304,瓦鲁耶夫,54
C8305,明道,58
C8305,横山裕,48
C8305,鲍莉儿子,47
C8305,理发店,42
C8306,卡通动漫,156
C8306,影视娱乐,42
C8306,购物,39
C8306,流动商店车,38
C8310,篮球剪纸,36
C8310,麻城杜鹃花,32
C8310,雷神,28
C8310,网鱼网咖,27
C8310,复仇者联盟壁纸,22
C8311,泡沫之夏,19
C8311,足跤,16
C8311,张东健,11
C8311,北斗神拳,9
C8311,何润东,8
C8311,董玥,7
C8311,rain,6
C8312,美发,22
C8312,微信,19
C8312,微信,12
C8313,影视娱乐,163
C8313,道奇战斧,72
C8313,癌症,58
C8313,卡通动漫,54
C8314,欧姆龙plc接线图,81
C8314,韩式婚纱,46
C8314,八佰伴,15
C8314,全新福克斯,14
C8314,施华洛世奇手链,12
C8317,家居装潢,69
C8317,农村留守儿童,50
C8317,手绘外滩,40
C8318,黄金圣斗士,103
C8318,圣斗士电影版,40
C8319,纽巴伦,53
C8319,兰芝补水套装,42
C8319,旅游,38
C8320,影视娱乐,65
C8320,梦幻西游护法灭魔,50
C8320,手机数码,48
C8321,卡通动漫,466
C8321,八卦娱乐,94
C8323,公园,59
C8323,骰子,39
C8323,田子坊,36
C8324,教育培训,63
C8324,手机数码,53
C8324,学校,53
C8324,理发店,44
C8327,单仰萍,60
C8327,方亚芬,58
C8327,卡通动漫,43
C8329,美发,63
C8329,影视娱乐,40
C8329,萧亚轩,39
C8330,柳岩,16
C8330,整容,13
C8330,窗帘,7
C8331,高压电气图,82
C8331,颐和园郝蕾,48
C8331,汤唯,40
C8331,多肉植物图鉴,30
C8331,贾青,27
C8331,使命召唤10,26
C8331,李呈媛老公,24
C8331,南翔,23
C8332,可爱沙发,110
C8332,尸体处理,92
C8332,周星驰,41
C8332,公益广告,32
C8332,酒柜效果图,26
C8333,吴磊,141
C8333,袁雨桢,83
C8333,秀贤模特,54
C8333,影视娱乐,50
C8333,豆苗,42
C8333,宠物,38
C8333,卡通动漫,37
C8337,西塘风景,62
C8337,影视娱乐,44
C8337,道路交通,36
C8339,卫生间,68
C8339,理发店,48
C8339,曹曦文,40
C8340,影视娱乐,178
C8340,池昌旭,129
C8340,髋关节发育不良,124
C8340,朴秀珍,78
C8342,毛线宝宝鞋,104
C8342,报纸手工制作,28
C8342,冰激凌,23
C8342,派出所警旗,20
C8342,范冰冰,12
C8342,玛莎拉蒂,9
C8344,雨欣,119
C8344,婚纱摄影,47
C8344,家居装潢,39
C8345,家居装潢,226
C8345,道路交通,48
C8346,摩托车,252
C8346,卡通动漫,46
C8347,挖掘机,169
C8347,影视娱乐,88
C8348,影视娱乐,159
C8348,梁再冰,84
C8348,公交站,36
C8350,普济寺观音,91
C8350,小叶紫檀,58
C8350,武汉空军军校,24
C8351,柳岩,222
C8351,十字星,122
C8351,燕子,47
C8352,卡通动漫,96
C8352,影视娱乐,58
C8352,歌词文字控,45
C8352,理发店,42
C8354,手机数码,43
C8354,饮食,40
C8355,部队漫画,33
C8355,餐巾纸,27
C8355,吉泽明步,25
C8355,昂科威,24
C8355,胎芽,23
C8356,迪士尼乐园,213
C8356,无证驾驶,37
C8358,影视娱乐,73
C8358,伏明霞,51
C8358,魏坤琳,48
C8358,宠物,37
C8358,手机数码,37
C8360,卧室装修,96
C8360,吉见衣世,91
C8360,徐娇,27
C8360,雷正光,25
C8360,花鸟古玩市场,24
C8360,儿童房,21
C8361,黑篮,112
C8361,美甲,63
C8361,影视娱乐,38
C8363,银行,95
C8363,秀湖山庄,54
C8364,盆栽,129
C8364,黑雪姬,78
C8364,半山小馆,39
C8365,范冰冰,55
C8365,福特锐界,40
C8365,螺,34
C8365,三台山景区,24
C8365,陕西交通事故,24
C8368,霍思燕,44
C8368,黄晓明,42
C8371,卡通动漫,221
C8371,百白何,138
C8371,购物,65
C8371,长城名豪,36
C8372,影视娱乐,180
C8372,天浴,84
C8372,美国队长2,80
C8372,白茶吾皇,39
C8372,家居装潢,37
C8372,屠焱,36
C8378,手机数码,62
C8378,吴佩慈,61
C8378,洛基,40
C8380,中国好声音,50
C8380,外星人台式机,45
C8380,杨颖,36
C8380,凤梨,23
C8380,外星人笔记本,20
C8380,餐厅背景墙,8
C8380,兴旺国际服饰城,7
C8380,建行atm,6
C8380,兴业银行,6
C8380,书店,4
C8383,杨幂,55
C8383,毛衣编织,25
C8383,范冰冰,10
C8383,台湾美食节,8
C8384,天虹百货,61
C8384,上海公园,44
C8384,外白渡桥,32
C8384,壁纸,30
C8384,扁桃体,24
C8385,影视娱乐,182
C8385,双节棍,171
C8385,家居装潢,75
C8385,乙肝,48
C8385,特斯拉,44
C8388,八卦娱乐,121
C8388,手机数码,46
C8389,张萌澄,32
C8389,柯基,28
C8389,木雕龙,24
C8389,汽车,19
C8389,五角场,18
C8389,兰莞专卖店,10
C8389,巴黎欧莱,9
C8390,同里,54
C8390,头像,38
C8390,西塘,25
C8390,丰子恺,23
C8391,影视娱乐,63
C8391,刀剑神域,60
C8392,瘦妆,24
C8392,上海市延平路354号,21
C8392,哆啦a梦伴我同行,17
C8392,新娘,16
C8393,棉麻布包包,29
C8393,智能纽扣,25
C8393,宠物,18
C8394,家居装潢,110
C8394,古典吉他,53
C8394,餐厅,52
C8394,行政区划,37
C8395,漕宝路合川路,28
C8395,韩敏画家,17
C8395,凯旋路2050号,16
C8395,双排皮卡,13
C8395,玛莎拉蒂,12
C8396,宠物,136
C8396,甜馨,80
C8398,瀛东村,91
C8398,公园,55
C8398,名片设计,45
C8398,稻城亚丁,38
C8402,理发店,97
C8402,七宝古镇,76
C8403,中国电信,82
C8403,影视娱乐,43
C8405,黄油啤酒,44
C8405,影视娱乐,41
C8406,宝马迷你mini,68
C8406,凯迪拉克ct6,51
C8406,日野发动机,39
C8408,水乡,200
C8408,吉他谱,82
C8408,婚纱摄影,60
C8408,花园,46
C8409,孤岛惊魂,19
C8409,橄榄菜,18
C8409,上海地铁9号线,12
C8410,卡丁车,11
C8410,短发发型,7
C8410,萧敬腾,5
C8411,影视娱乐,62
C8411,缅甸,61
C8411,咖啡厅,54
C8411,五台山殊像寺,51
C8411,宾馆酒店,49
C8411,双开门冰箱,49
C8411,夜景美食,36
C8412,影视娱乐,1039
C8412,家居装潢,141
C8412,卡通动漫,75
C8412,横店,67
C8412,道路交通,53
C8412,电信营业厅,47
C8413,杭州动物园,29
C8413,Tiffany,20
C8413,地产小区,15
C8413,复仇者联盟2,15
C8413,美食,13
C8415,蛋糕店,161
C8415,时尚潮流,78
C8415,编织手链,60
C8415,峨眉山风景区,52
C8415,影视娱乐,44
C8423,家居装潢,97
C8423,影视娱乐,37
C8438,汽车,50
C8438,剑灵,49
C8438,购物,41
C8457,婚礼,45
C8457,霍思燕,20
C8457,鲍蕾,13
C8457,王祖蓝,10
C8457,李亚男,8
C8457,火车站,4
C8457,上海市第一人民医院,3
C8461,影视娱乐,192
C8461,野马t70,65
C8461,卡通动漫,63
C8461,鱼,45
C8461,余文乐,39
C8463,来福岛,114
C8463,影视娱乐,104
C8463,上海重型机器厂,51
C8465,理发店,245
C8465,影视娱乐,100
C8465,道路交通,50
C8465,本田雅阁,48
C8465,本田凌派,38
C8466,玛丽莲梦露,71
C8466,技术体系,29
C8466,释光升,24
C8466,tfboys,22
C8471,时尚潮流,110
C8471,手机数码,96
C8471,宠物,79
C8471,影视娱乐,37
C8489,银行,320
C8489,理发店,143
C8489,影视娱乐,75
C8492,鲍蕾,33
C8492,金星,32
C8492,古驰,25
C8492,上海轻纺市场,22
C8492,吉他谱,22
C8504,八卦娱乐,101
C8504,宾馆酒店,100
C8504,詹米多南,94
C8504,孕妇,56
C8504,购物,41
C8504,飞豹,38
C8505,跳楼自杀,237
C8505,小池里奈,117
C8505,周韦彤,82
C8505,刘雨欣,48
C8505,象棋图解,46
C8505,吴磊,45
C8505,罂粟,37
C8505,春卷皮,34
C8505,葛天,25
C8506,松江农家乐,107
C8506,天门山玻璃栈道,59
C8509,购物,201
C8509,影视娱乐,173
C8509,颖儿黄圣依,59
C8532,杨洋,53
C8532,韩智慧,42
C8532,吴海燕,35
C8532,狼嚎叫,33
C8532,双旋翼直升机,28
C8532,奥迪a8,28
C8532,明式家具,27
C8532,甜甜圈,26
C8532,彩妆柜台,23
C8536,购物,135
C8536,宝格丽戒指,114
C8536,便利店,64
C8536,影视娱乐,48
C8536,手机数码,39
C8538,购物,85
C8538,家居装潢,52
C8538,鲜花店,48
C8538,宠物,45
C8538,八卦娱乐,42
C8538,影视娱乐,42
C8539,柳岩,138
C8539,影视娱乐,58
C8539,犀利哥,50
C8540,家居装潢,590
C8540,卡通动漫,133
C8540,购物,99
C8540,影视娱乐,72
C8540,美甲,61
C8540,星巴克,59
C8554,影视娱乐,174
C8554,电动车,87
C8554,蛋糕店,81
C8555,美甲,163
C8555,分娩,41
C8575,欧式橱柜,112
C8575,粘土作品,33
C8575,卡雷拉赛车,21
C8575,骐达2015款,11
C8575,书店,10
C8575,1号店,3
C8576,三星s6,22
C8576,南翔舞蹈培训班,5
C8576,嘉定区玻璃钢厂,4
C8576,横店影视城,4
C8576,咖啡店,2
C8587,郭凯敏,94
C8587,张逸杰,46
C8587,古装男演员,33
C8587,豚鼠,25
C8587,公交站,23
C8587,杏花楼,22
C8587,创意产品,21
C8588,歌手云朵,19
C8588,宝山招商银行,7
C8588,12306,6
C8588,彩票,5
C8588,加油站,4
C8588,唱吧,3
C8588,健身,3
C8591,鼬,150
C8591,自行车,129
C8591,汽车,40
C8591,影视娱乐,39
C8592,影视娱乐,79
C8592,宁静,75
C8592,魔克战笔,60
C8592,巩俐,52
C8592,关悦,36
C8594,古诗插画,195
C8594,武媚娘传奇,46
C8594,范冰冰,35
C8594,贾云馨,27
C8601,购物,64
C8601,影视娱乐,59
C8608,鲜花店,830
C8608,影视娱乐,242
C8608,手滛,87
C8609,夏文汐,64
C8609,影视娱乐,41
C8609,气焊火焰,39
C8610,银行,41
C8610,影视娱乐,37
C8611,影视娱乐,384
C8611,八卦娱乐,90
C8611,卡通动漫,42
C8611,斩·赤红之瞳,40
C8612,黑之契约者,77
C8612,影视娱乐,58
C8612,饮食,51
C8614,空气刘海,11
C8614,恐怖美术馆,10
C8614,卡通动漫,10
C8614,猩猩英语,2
C8616,家居装潢,124
C8616,黄龙玉,77
C8620,gd纹身,40
C8620,佛秀,25
C8620,世界名车,23
C8620,美丽神话,22
C8621,餐厅,81
C8621,上杉谦信,69
C8621,中华鲟,47
C8621,办公室装饰,39
C8626,博园路二手车市场,55
C8626,安徽寿县,19
C8626,马齿苋,17
C8626,模具,15
C8628,客厅墙纸,44
C8628,德国地图,36
C8628,炒菜菜谱,24
C8640,婚纱摄影,112
C8640,影视娱乐,82
C8640,佟丽娅,48
C8642,壁纸,88
C8642,魅族mx5,43
C8642,oppor7,38
C8642,壁纸,28
C8642,s6三星,22
C8643,上海航天,187
C8643,医疗健康,100
C8643,全国文明单位,81
C8643,车,52
C8643,水泥地坪漆,38
C8645,影视娱乐,887
C8645,美容护肤,109
C8645,美发,43
C8647,汽车,64
C8647,理发店,61
C8647,航空公司,53
C8647,道路交通,49
C8656,麦兜,101
C8656,湖边邨,44
C8656,影视娱乐,38
C8676,牡丹,48
C8676,牡丹,48
C8676,苏童,43
C8676,苏童,43
C8676,上海地图,32
C8676,一起拼星星,26
C8676,曲裾,25
C8676,网吧,18
C8679,影视娱乐,200
C8679,家居装潢,111
C8688,音乐谷,64
C8688,圆明园,25
C8688,美国队长,23
C8690,朗动白色,54
C8690,加吉鱼,52
C8690,艾瑞泽7,31
C8690,广汽传祺,31
C8695,关咏荷,5023
C8695,影视娱乐,315
C8705,卡通动漫,62
C8705,娜塔莉,61
C8712,上海科技馆,30
C8712,万国葡萄牙,18
C8712,美食,17
C8712,米兰世博会中国馆,17
C8712,AJ7兔八哥拖鞋,16
C8712,模型展示柜,16
C8712,断骨增高,11
C8712,唐顿庄园,10
C8715,家居装潢,56
C8715,景点,45
C8715,泳衣,42
C8715,影视娱乐,39
C8719,周韦彤,110
C8719,燕子浮雕,39
C8719,上海地图,24
C8719,水杉,24
C8719,杨棋涵,22
C8721,红宝石鉴定,64
C8721,林峰,29
C8721,郑伊健,20
C8721,上海影视乐园,20
C8722,餐厅,592
C8722,家居装潢,249
C8722,碧波庭,43
C8723,李冰冰,545
C8723,佟丽娅,132
C8725,舒淇,110
C8725,珉豪雪莉,88
C8734,凤梨,30
C8734,中森青子,23
C8735,2015上海自行车展,19
C8735,燕窝,16
C8735,普利司通电动车,14
C8735,美发,11
C8735,100世界纪录,10
C8741,八卦娱乐,165
C8741,自行车,84
C8741,影视娱乐,79
C8741,购物,74
C8741,手机数码,42
C8742,家居装潢,94
C8742,卡通动漫,53
C8742,上海科技馆,38
C8746,taylor swift,163
C8746,阆中古城,58
C8746,葫芦娃日版,32
C8746,快捷酒店,13
C8746,东风景逸x3,9
C8754,千眼菩提,90
C8754,真夏龙,89
C8754,卡通动漫,64
C8754,理发店,42
C8755,梅利奥达斯,95
C8755,面包店,67
C8755,白雪,62
C8755,道路交通,60
C8755,雷励,39
C8755,血界战线,37
C8784,卡通动漫,45
C8784,园林,43
C8788,公司企业,234
C8788,辣妈正传,164
C8788,手机数码,94
C8788,罗汉果,40
C8789,颖儿,60
C8789,上海市城建档案馆,50
C8789,树袋熊,13
C8789,超市,11
C8789,医院,5
C8789,西贝莜面村,2
C8792,影视娱乐,306
C8792,卡通动漫,43
C8792,地中海风格,39
C8886,影视娱乐,73
C8886,医疗健康,70
C8890,猿猴,148
C8890,手机数码,103
C8890,鲜花店,75
C8890,无证驾驶车祸,59
C8890,八卦娱乐,57
C8892,葫芦娃,325
C8892,玻璃玄关,196
C8892,张钧甯,48
C8892,青蛙简笔画,34
C8892,紫砂壶,30
C8892,奥特之母,29
C8892,哔哩哔哩,23
C8893,玻利维亚天空之镜,28
C8893,甘露,26
C8893,国家森林公园,10
C9028,太极拳姚敏,28
C9028,莱万多夫斯基,27
C9028,美食,26
